id,session_name,timestamp,target_angle,current_angle,error,motor_status
1,ml_anomal,2026-07-10 02:12:43.575063+05:30,-60.0,-60.82,0.82,0
2,ml_anomal,2026-07-10 02:12:43.603973+05:30,-60.0,-60.82,0.82,0
3,ml_anomal,2026-07-10 02:12:43.630229+05:30,-60.0,-60.82,0.82,0
4,ml_anomal,2026-07-10 02:12:43.654110+05:30,-60.0,-60.82,0.82,0
5,ml_anomal,2026-07-10 02:12:43.676506+05:30,-60.0,-60.82,0.82,0
6,ml_anomal,2026-07-10 02:12:43.702926+05:30,-60.0,-60.82,0.82,0
7,ml_anomal,2026-07-10 02:12:43.726148+05:30,-60.0,-60.82,0.82,0
8,ml_anomal,2026-07-10 02:12:43.751984+05:30,-60.0,-60.82,0.82,0
9,ml_anomal,2026-07-10 02:12:43.772079+05:30,-60.0,-60.82,0.82,0
10,ml_anomal,2026-07-10 02:12:43.792678+05:30,-60.0,-60.82,0.82,0
11,ml_anomal,2026-07-10 02:12:43.818563+05:30,-60.0,-60.82,0.82,0
12,ml_anomal,2026-07-10 02:12:43.839792+05:30,-60.0,-60.82,0.82,0
13,ml_anomal,2026-07-10 02:12:43.861456+05:30,-60.0,-60.82,0.82,0
14,ml_anomal,2026-07-10 02:12:43.887312+05:30,-60.0,-60.82,0.82,0
15,ml_anomal,2026-07-10 02:12:43.909812+05:30,-60.0,-60.82,0.82,0
16,ml_anomal,2026-07-10 02:12:43.937416+05:30,-60.0,-60.82,0.82,0
17,ml_anomal,2026-07-10 02:12:43.961869+05:30,-60.0,-60.82,0.82,0
18,ml_anomal,2026-07-10 02:12:43.985862+05:30,-60.0,-60.82,0.82,0
19,ml_anomal,2026-07-10 02:12:44.005061+05:30,-60.0,-60.82,0.82,0
20,ml_anomal,2026-07-10 02:12:44.024192+05:30,-60.0,-60.82,0.82,0
21,ml_anomal,2026-07-10 02:12:44.044771+05:30,-60.0,-60.82,0.82,0
22,ml_anomal,2026-07-10 02:12:44.133608+05:30,-60.0,-60.82,0.82,0
23,ml_anomal,2026-07-10 02:12:44.161867+05:30,-60.0,-60.82,0.82,0
24,ml_anomal,2026-07-10 02:12:44.183336+05:30,-60.0,-60.82,0.82,0
25,ml_anomal,2026-07-10 02:12:44.203401+05:30,-60.0,-60.82,0.82,0
26,ml_anomal,2026-07-10 02:12:44.222391+05:30,-60.0,-60.82,0.82,0
27,ml_anomal,2026-07-10 02:12:44.242693+05:30,-60.0,-60.82,0.82,0
28,ml_anomal,2026-07-10 02:12:44.336110+05:30,-60.0,-60.82,0.82,0
29,ml_anomal,2026-07-10 02:12:44.435404+05:30,-60.0,-60.82,0.82,0
30,ml_anomal,2026-07-10 02:12:44.538973+05:30,-60.0,-60.82,0.82,0
31,ml_anomal,2026-07-10 02:12:44.635833+05:30,-60.0,-60.82,0.82,0
32,ml_anomal,2026-07-10 02:12:44.736406+05:30,-60.0,-60.82,0.82,0
33,ml_anomal,2026-07-10 02:12:44.838037+05:30,-60.0,-60.82,0.82,0
34,ml_anomal,2026-07-10 02:12:44.940116+05:30,-60.0,-60.82,0.82,0
35,ml_anomal,2026-07-10 02:12:45.051569+05:30,-60.0,-60.82,0.82,0
36,ml_anomal,2026-07-10 02:12:45.139738+05:30,-60.0,-60.82,0.82,0
37,ml_anomal,2026-07-10 02:12:45.238965+05:30,-60.0,-60.82,0.82,0
38,ml_anomal,2026-07-10 02:12:45.339704+05:30,-60.0,-60.82,0.82,0
39,ml_anomal,2026-07-10 02:12:45.439122+05:30,-60.0,-60.82,0.82,0
40,ml_anomal,2026-07-10 02:12:45.541508+05:30,-60.0,-60.82,0.82,0
41,ml_anomal,2026-07-10 02:12:45.646658+05:30,-60.0,-60.82,0.82,0
42,ml_anomal,2026-07-10 02:12:45.738329+05:30,-60.0,-60.82,0.82,0
43,ml_anomal,2026-07-10 02:12:45.838349+05:30,-60.0,-60.82,0.82,0
44,ml_anomal,2026-07-10 02:12:45.940215+05:30,-60.0,-60.82,0.82,0
45,ml_anomal,2026-07-10 02:12:46.037761+05:30,-60.0,-60.82,0.82,0
46,ml_anomal,2026-07-10 02:12:46.138358+05:30,-60.0,-60.82,0.82,0
47,ml_anomal,2026-07-10 02:12:46.239298+05:30,-60.0,-60.82,0.82,0
48,ml_anomal,2026-07-10 02:12:46.339833+05:30,-60.0,-60.82,0.82,0
49,ml_anomal,2026-07-10 02:12:46.439717+05:30,-60.0,-60.82,0.82,0
50,ml_anomal,2026-07-10 02:12:46.538380+05:30,-60.0,-60.82,0.82,0
51,ml_anomal,2026-07-10 02:12:46.637893+05:30,-60.0,-60.82,0.82,0
52,ml_anomal,2026-07-10 02:12:46.739885+05:30,-60.0,-60.82,0.82,0
53,ml_anomal,2026-07-10 02:12:46.837612+05:30,-60.0,-60.82,0.82,0
54,ml_anomal,2026-07-10 02:12:46.937537+05:30,-60.0,-60.82,0.82,0
55,ml_anomal,2026-07-10 02:12:47.038051+05:30,-60.0,-60.82,0.82,0
56,ml_anomal,2026-07-10 02:12:47.136904+05:30,-60.0,-60.82,0.82,0
57,ml_anomal,2026-07-10 02:12:47.240950+05:30,-60.0,-60.82,0.82,0
58,ml_anomal,2026-07-10 02:12:47.340985+05:30,-60.0,-60.82,0.82,0
59,ml_anomal,2026-07-10 02:12:47.437837+05:30,-60.0,-60.82,0.82,0
60,ml_anomal,2026-07-10 02:12:47.538373+05:30,-60.0,-60.82,0.82,0
61,ml_anomal,2026-07-10 02:12:47.644328+05:30,-60.0,-60.82,0.82,0
62,ml_anomal,2026-07-10 02:12:47.739197+05:30,90.0,-60.82,150.82,2
63,ml_anomal,2026-07-10 02:12:47.839782+05:30,90.0,-60.82,150.82,2
64,ml_anomal,2026-07-10 02:12:47.942615+05:30,90.0,-60.82,150.82,2
65,ml_anomal,2026-07-10 02:12:48.039413+05:30,90.0,-60.82,150.82,2
66,ml_anomal,2026-07-10 02:12:48.139213+05:30,90.0,-60.82,150.82,2
67,ml_anomal,2026-07-10 02:12:48.238557+05:30,90.0,-60.82,150.82,2
68,ml_anomal,2026-07-10 02:12:48.339570+05:30,90.0,-60.82,150.82,2
69,ml_anomal,2026-07-10 02:12:48.437197+05:30,90.0,-60.82,150.82,2
70,ml_anomal,2026-07-10 02:12:48.537911+05:30,90.0,-60.82,150.82,1
71,ml_anomal,2026-07-10 02:12:48.639019+05:30,90.0,-60.64,150.64,2
72,ml_anomal,2026-07-10 02:12:48.738628+05:30,90.0,-60.64,150.64,2
73,ml_anomal,2026-07-10 02:12:48.840051+05:30,90.0,-60.64,150.64,2
74,ml_anomal,2026-07-10 02:12:48.940555+05:30,90.0,-60.47,150.47,2
75,ml_anomal,2026-07-10 02:12:49.038553+05:30,90.0,-60.47,150.47,2
76,ml_anomal,2026-07-10 02:12:49.139606+05:30,90.0,-60.29,150.29,2
77,ml_anomal,2026-07-10 02:12:49.238650+05:30,90.0,-60.29,150.29,2
78,ml_anomal,2026-07-10 02:12:49.339826+05:30,90.0,-60.29,150.29,2
79,ml_anomal,2026-07-10 02:12:49.438496+05:30,90.0,-60.29,150.29,1
80,ml_anomal,2026-07-10 02:12:49.539516+05:30,90.0,-60.29,150.29,2
81,ml_anomal,2026-07-10 02:12:49.637499+05:30,90.0,-60.29,150.29,2
82,ml_anomal,2026-07-10 02:12:49.741757+05:30,90.0,-60.29,150.29,2
83,ml_anomal,2026-07-10 02:12:49.838676+05:30,90.0,-60.29,150.29,2
84,ml_anomal,2026-07-10 02:12:49.939597+05:30,90.0,-60.29,150.29,2
85,ml_anomal,2026-07-10 02:12:50.043130+05:30,90.0,-60.29,150.29,2
86,ml_anomal,2026-07-10 02:12:50.137918+05:30,90.0,-60.29,150.29,2
87,ml_anomal,2026-07-10 02:12:50.240155+05:30,90.0,-60.29,150.29,2
88,ml_anomal,2026-07-10 02:12:50.338876+05:30,90.0,-60.29,150.29,1
89,ml_anomal,2026-07-10 02:12:50.439137+05:30,90.0,-60.29,150.29,2
90,ml_anomal,2026-07-10 02:12:50.540350+05:30,90.0,-60.29,150.29,2
91,ml_anomal,2026-07-10 02:12:50.640805+05:30,90.0,-60.29,150.29,2
92,ml_anomal,2026-07-10 02:12:50.737360+05:30,90.0,-60.29,150.29,2
93,ml_anomal,2026-07-10 02:12:50.838938+05:30,90.0,-60.12,150.12,2
94,ml_anomal,2026-07-10 02:12:50.941737+05:30,90.0,-60.12,150.12,2
95,ml_anomal,2026-07-10 02:12:51.039900+05:30,90.0,-60.12,150.12,2
96,ml_anomal,2026-07-10 02:12:51.139605+05:30,90.0,-60.12,150.12,2
97,ml_anomal,2026-07-10 02:12:51.240572+05:30,90.0,-60.12,150.12,1
98,ml_anomal,2026-07-10 02:12:51.339575+05:30,90.0,-60.12,150.12,2
99,ml_anomal,2026-07-10 02:12:51.438392+05:30,90.0,-60.12,150.12,2
100,ml_anomal,2026-07-10 02:12:51.538898+05:30,90.0,-60.12,150.12,2
101,ml_anomal,2026-07-10 02:12:51.639977+05:30,90.0,-60.12,150.12,2
102,ml_anomal,2026-07-10 02:12:51.738062+05:30,90.0,-60.12,150.12,2
103,ml_anomal,2026-07-10 02:12:51.838387+05:30,90.0,-60.12,150.12,2
104,ml_anomal,2026-07-10 02:12:51.938012+05:30,90.0,-60.12,150.12,2
105,ml_anomal,2026-07-10 02:12:52.039155+05:30,90.0,-60.12,150.12,2
106,ml_anomal,2026-07-10 02:12:52.138396+05:30,90.0,-60.12,150.12,1
107,ml_anomal,2026-07-10 02:12:52.239872+05:30,90.0,-60.12,150.12,2
108,ml_anomal,2026-07-10 02:12:52.339816+05:30,90.0,-60.12,150.12,2
109,ml_anomal,2026-07-10 02:12:52.437994+05:30,90.0,-60.12,150.12,2
110,ml_anomal,2026-07-10 02:12:52.539810+05:30,90.0,-60.12,150.12,2
111,ml_anomal,2026-07-10 02:12:52.641087+05:30,90.0,-60.12,150.12,2
112,ml_anomal,2026-07-10 02:12:52.737830+05:30,90.0,-60.12,150.12,2
113,ml_anomal,2026-07-10 02:12:52.839051+05:30,90.0,-60.12,150.12,2
114,ml_anomal,2026-07-10 02:12:52.943104+05:30,90.0,-60.12,150.12,2
115,ml_anomal,2026-07-10 02:12:53.039851+05:30,90.0,-60.12,150.12,1
116,ml_anomal,2026-07-10 02:12:53.139681+05:30,90.0,-60.12,150.12,2
117,ml_anomal,2026-07-10 02:12:53.238762+05:30,90.0,-60.12,150.12,2
118,ml_anomal,2026-07-10 02:12:53.338908+05:30,90.0,-60.12,150.12,2
119,ml_anomal,2026-07-10 02:12:53.442224+05:30,90.0,-60.12,150.12,2
120,ml_anomal,2026-07-10 02:12:53.539812+05:30,90.0,-60.12,150.12,2
121,ml_anomal,2026-07-10 02:12:53.640743+05:30,90.0,-60.12,150.12,2
122,ml_anomal,2026-07-10 02:12:53.739940+05:30,90.0,-60.12,150.12,2
123,ml_anomal,2026-07-10 02:12:53.838677+05:30,90.0,-60.12,150.12,2
124,ml_anomal,2026-07-10 02:12:53.937906+05:30,90.0,-60.12,150.12,1
125,ml_anomal,2026-07-10 02:12:54.039398+05:30,90.0,-60.12,150.12,2
126,ml_anomal,2026-07-10 02:12:54.137925+05:30,90.0,-60.12,150.12,2
127,ml_anomal,2026-07-10 02:12:54.239484+05:30,90.0,-60.12,150.12,2
128,ml_anomal,2026-07-10 02:12:54.339861+05:30,90.0,-60.12,150.12,2
129,ml_anomal,2026-07-10 02:12:54.438964+05:30,90.0,-60.12,150.12,2
130,ml_anomal,2026-07-10 02:12:54.539811+05:30,90.0,-60.12,150.12,2
131,ml_anomal,2026-07-10 02:12:54.639388+05:30,90.0,-60.12,150.12,2
132,ml_anomal,2026-07-10 02:12:54.738555+05:30,90.0,-60.12,150.12,2
133,ml_anomal,2026-07-10 02:12:54.838286+05:30,90.0,-60.12,150.12,1
134,ml_anomal,2026-07-10 02:12:54.937985+05:30,90.0,-60.12,150.12,2
135,ml_anomal,2026-07-10 02:12:55.039151+05:30,90.0,-60.12,150.12,2
136,ml_anomal,2026-07-10 02:12:55.141946+05:30,90.0,-60.12,150.12,2
137,ml_anomal,2026-07-10 02:12:55.238755+05:30,90.0,-60.12,150.12,2
138,ml_anomal,2026-07-10 02:12:55.338559+05:30,90.0,-60.12,150.12,2
139,ml_anomal,2026-07-10 02:12:55.437713+05:30,90.0,-60.12,150.12,2
140,ml_anomal,2026-07-10 02:12:55.538600+05:30,90.0,-60.12,150.12,2
141,ml_anomal,2026-07-10 02:12:55.638220+05:30,90.0,-60.12,150.12,2
142,ml_anomal,2026-07-10 02:12:55.737269+05:30,90.0,-60.12,150.12,1
143,ml_anomal,2026-07-10 02:12:55.838312+05:30,90.0,-60.12,150.12,2
144,ml_anomal,2026-07-10 02:12:55.940023+05:30,90.0,-60.12,150.12,2
145,ml_anomal,2026-07-10 02:12:56.038092+05:30,90.0,-60.12,150.12,2
146,ml_anomal,2026-07-10 02:12:56.139264+05:30,90.0,-60.12,150.12,2
147,ml_anomal,2026-07-10 02:12:56.239845+05:30,90.0,-60.12,150.12,2
148,ml_anomal,2026-07-10 02:12:56.339039+05:30,90.0,-60.12,150.12,2
149,ml_anomal,2026-07-10 02:12:56.438267+05:30,90.0,-60.12,150.12,2
150,ml_anomal,2026-07-10 02:12:56.539589+05:30,90.0,-60.12,150.12,2
151,ml_anomal,2026-07-10 02:12:56.639854+05:30,90.0,-60.12,150.12,1
152,ml_anomal,2026-07-10 02:12:56.738893+05:30,90.0,-60.12,150.12,2
153,ml_anomal,2026-07-10 02:12:56.837558+05:30,90.0,-60.12,150.12,2
154,ml_anomal,2026-07-10 02:12:56.938449+05:30,90.0,-59.94,149.94,2
155,ml_anomal,2026-07-10 02:12:57.039037+05:30,90.0,-59.94,149.94,2
156,ml_anomal,2026-07-10 02:12:57.138361+05:30,90.0,-59.77,149.77,2
157,ml_anomal,2026-07-10 02:12:57.238859+05:30,90.0,-59.77,149.77,2
158,ml_anomal,2026-07-10 02:12:57.338340+05:30,90.0,-59.77,149.77,2
159,ml_anomal,2026-07-10 02:12:57.437455+05:30,90.0,-59.94,149.94,2
160,ml_anomal,2026-07-10 02:12:57.538311+05:30,90.0,-59.94,149.94,1
161,ml_anomal,2026-07-10 02:12:57.639751+05:30,90.0,-59.94,149.94,2
162,ml_anomal,2026-07-10 02:12:57.738242+05:30,90.0,-59.94,149.94,2
163,ml_anomal,2026-07-10 02:12:57.839300+05:30,90.0,-59.94,149.94,2
164,ml_anomal,2026-07-10 02:12:57.938608+05:30,90.0,-59.94,149.94,2
165,ml_anomal,2026-07-10 02:12:58.042035+05:30,90.0,-59.94,149.94,2
166,ml_anomal,2026-07-10 02:12:58.138757+05:30,90.0,-59.94,149.94,2
167,ml_anomal,2026-07-10 02:12:58.238481+05:30,90.0,-59.94,149.94,2
168,ml_anomal,2026-07-10 02:12:58.338449+05:30,90.0,-59.94,149.94,2
169,ml_anomal,2026-07-10 02:12:58.438717+05:30,90.0,-60.82,150.82,1
170,ml_anomal,2026-07-10 02:12:58.538852+05:30,90.0,-55.55,145.55,2
171,ml_anomal,2026-07-10 02:12:58.637938+05:30,90.0,-55.55,145.55,2
172,ml_anomal,2026-07-10 02:12:58.740062+05:30,90.0,-55.55,145.55,2
173,ml_anomal,2026-07-10 02:12:58.837534+05:30,90.0,-55.55,145.55,2
174,ml_anomal,2026-07-10 02:12:58.939142+05:30,90.0,-55.55,145.55,2
175,ml_anomal,2026-07-10 02:12:59.039071+05:30,90.0,-55.55,145.55,2
176,ml_anomal,2026-07-10 02:12:59.140045+05:30,90.0,-55.55,145.55,2
177,ml_anomal,2026-07-10 02:12:59.240015+05:30,90.0,-55.55,145.55,2
178,ml_anomal,2026-07-10 02:12:59.337097+05:30,90.0,-55.55,145.55,1
179,ml_anomal,2026-07-10 02:12:59.437872+05:30,90.0,-55.55,145.55,2
180,ml_anomal,2026-07-10 02:12:59.538963+05:30,90.0,-55.55,145.55,2
181,ml_anomal,2026-07-10 02:12:59.639369+05:30,90.0,-55.55,145.55,2
182,ml_anomal,2026-07-10 02:12:59.738183+05:30,90.0,-55.37,145.37,2
183,ml_anomal,2026-07-10 02:12:59.839916+05:30,90.0,-55.37,145.37,2
184,ml_anomal,2026-07-10 02:12:59.937378+05:30,90.0,-55.37,145.37,2
185,ml_anomal,2026-07-10 02:13:00.041355+05:30,90.0,-54.84,144.84,2
186,ml_anomal,2026-07-10 02:13:00.139022+05:30,90.0,-54.67,144.67,2
187,ml_anomal,2026-07-10 02:13:00.238586+05:30,90.0,-54.49,144.49,1
188,ml_anomal,2026-07-10 02:13:00.338327+05:30,90.0,-54.14,144.14,2
189,ml_anomal,2026-07-10 02:13:00.440356+05:30,90.0,-53.61,143.61,2
190,ml_anomal,2026-07-10 02:13:00.538045+05:30,90.0,-53.26,143.26,2
191,ml_anomal,2026-07-10 02:13:00.640560+05:30,90.0,-52.91,142.91,2
192,ml_anomal,2026-07-10 02:13:00.737338+05:30,90.0,-52.56,142.56,2
193,ml_anomal,2026-07-10 02:13:00.838983+05:30,90.0,-51.86,141.86,2
194,ml_anomal,2026-07-10 02:13:00.937609+05:30,90.0,-51.5,141.5,2
195,ml_anomal,2026-07-10 02:13:01.040632+05:30,90.0,-51.15,141.15,2
196,ml_anomal,2026-07-10 02:13:01.139781+05:30,90.0,-51.15,141.15,1
197,ml_anomal,2026-07-10 02:13:01.238273+05:30,90.0,-50.98,140.98,2
198,ml_anomal,2026-07-10 02:13:01.338154+05:30,90.0,-50.45,140.45,2
199,ml_anomal,2026-07-10 02:13:01.439333+05:30,90.0,-50.27,140.27,2
200,ml_anomal,2026-07-10 02:13:01.537721+05:30,90.0,-49.92,139.92,2
201,ml_anomal,2026-07-10 02:13:01.639624+05:30,90.0,-49.39,139.39,2
202,ml_anomal,2026-07-10 02:13:01.737504+05:30,90.0,-49.04,139.04,2
203,ml_anomal,2026-07-10 02:13:01.838362+05:30,90.0,-48.69,138.69,2
204,ml_anomal,2026-07-10 02:13:01.941780+05:30,90.0,-48.34,138.34,2
205,ml_anomal,2026-07-10 02:13:02.037958+05:30,90.0,-47.81,137.81,1
206,ml_anomal,2026-07-10 02:13:02.138048+05:30,90.0,-47.64,137.64,2
207,ml_anomal,2026-07-10 02:13:02.240133+05:30,90.0,-47.29,137.29,2
208,ml_anomal,2026-07-10 02:13:02.340090+05:30,90.0,-46.76,136.76,2
209,ml_anomal,2026-07-10 02:13:02.436981+05:30,90.0,-46.41,136.41,2
210,ml_anomal,2026-07-10 02:13:02.539384+05:30,90.0,-46.05,136.05,2
211,ml_anomal,2026-07-10 02:13:02.640802+05:30,90.0,-45.53,135.53,2
212,ml_anomal,2026-07-10 02:13:02.738447+05:30,90.0,-45.18,135.18,2
213,ml_anomal,2026-07-10 02:13:02.837578+05:30,90.0,-44.82,134.82,2
214,ml_anomal,2026-07-10 02:13:02.940849+05:30,90.0,-44.3,134.3,1
215,ml_anomal,2026-07-10 02:13:03.040201+05:30,90.0,-43.95,133.95,2
216,ml_anomal,2026-07-10 02:13:03.139719+05:30,90.0,-43.59,133.59,2
217,ml_anomal,2026-07-10 02:13:03.237703+05:30,90.0,-43.07,133.07,2
218,ml_anomal,2026-07-10 02:13:03.338670+05:30,90.0,-42.71,132.71,2
219,ml_anomal,2026-07-10 02:13:03.437208+05:30,90.0,-42.36,132.36,2
220,ml_anomal,2026-07-10 02:13:03.540344+05:30,90.0,-42.01,132.01,2
221,ml_anomal,2026-07-10 02:13:03.640170+05:30,90.0,-41.48,131.48,2
222,ml_anomal,2026-07-10 02:13:03.738150+05:30,90.0,-41.13,131.13,2
223,ml_anomal,2026-07-10 02:13:03.837262+05:30,90.0,-40.78,130.78,1
224,ml_anomal,2026-07-10 02:13:03.942308+05:30,90.0,-40.43,130.43,2
225,ml_anomal,2026-07-10 02:13:04.039764+05:30,90.0,-40.08,130.08,2
226,ml_anomal,2026-07-10 02:13:04.140766+05:30,90.0,-39.73,129.73,2
227,ml_anomal,2026-07-10 02:13:04.238054+05:30,90.0,-39.38,129.37,2
228,ml_anomal,2026-07-10 02:13:04.346084+05:30,90.0,-38.85,128.85,2
229,ml_anomal,2026-07-10 02:13:04.439906+05:30,90.0,-38.5,128.5,2
230,ml_anomal,2026-07-10 02:13:04.541084+05:30,90.0,-38.14,128.14,2
231,ml_anomal,2026-07-10 02:13:04.641889+05:30,90.0,-37.97,127.97,2
232,ml_anomal,2026-07-10 02:13:04.737881+05:30,90.0,-37.79,127.79,1
233,ml_anomal,2026-07-10 02:13:04.838831+05:30,90.0,-37.79,127.79,2
234,ml_anomal,2026-07-10 02:13:04.938756+05:30,90.0,-37.79,127.79,2
235,ml_anomal,2026-07-10 02:13:05.038014+05:30,90.0,-37.79,127.79,2
236,ml_anomal,2026-07-10 02:13:05.140291+05:30,90.0,-37.79,127.79,2
237,ml_anomal,2026-07-10 02:13:05.239638+05:30,90.0,-37.79,127.79,2
238,ml_anomal,2026-07-10 02:13:05.340613+05:30,90.0,-37.79,127.79,2
239,ml_anomal,2026-07-10 02:13:05.438022+05:30,90.0,-37.79,127.79,2
240,ml_anomal,2026-07-10 02:13:05.540927+05:30,90.0,-37.79,127.79,2
241,ml_anomal,2026-07-10 02:13:05.641957+05:30,90.0,-37.79,127.79,1
242,ml_anomal,2026-07-10 02:13:05.738656+05:30,90.0,-37.79,127.79,2
243,ml_anomal,2026-07-10 02:13:05.837742+05:30,90.0,-37.44,127.44,2
244,ml_anomal,2026-07-10 02:13:05.940610+05:30,90.0,-37.09,127.09,2
245,ml_anomal,2026-07-10 02:13:06.042344+05:30,90.0,-36.74,126.74,2
246,ml_anomal,2026-07-10 02:13:06.138573+05:30,90.0,-36.21,126.21,2
247,ml_anomal,2026-07-10 02:13:06.239046+05:30,90.0,-35.86,125.86,2
248,ml_anomal,2026-07-10 02:13:06.342912+05:30,90.0,-35.51,125.51,2
249,ml_anomal,2026-07-10 02:13:06.439057+05:30,90.0,-34.98,124.98,2
250,ml_anomal,2026-07-10 02:13:06.538884+05:30,90.0,-34.63,124.63,1
251,ml_anomal,2026-07-10 02:13:06.637317+05:30,90.0,-34.45,124.45,2
252,ml_anomal,2026-07-10 02:13:06.738435+05:30,90.0,-34.1,124.1,2
253,ml_anomal,2026-07-10 02:13:06.839525+05:30,90.0,-33.75,123.75,2
254,ml_anomal,2026-07-10 02:13:06.937162+05:30,90.0,-33.22,123.22,2
255,ml_anomal,2026-07-10 02:13:07.037432+05:30,90.0,-33.05,123.05,2
256,ml_anomal,2026-07-10 02:13:07.138763+05:30,90.0,-32.87,122.87,2
257,ml_anomal,2026-07-10 02:13:07.238858+05:30,90.0,-32.87,122.87,2
258,ml_anomal,2026-07-10 02:13:07.339027+05:30,90.0,-32.87,122.87,2
259,ml_anomal,2026-07-10 02:13:07.439471+05:30,90.0,-32.87,122.87,1
260,ml_anomal,2026-07-10 02:13:07.538623+05:30,90.0,-32.7,122.7,2
261,ml_anomal,2026-07-10 02:13:07.639283+05:30,90.0,-32.7,122.7,2
262,ml_anomal,2026-07-10 02:13:07.737637+05:30,90.0,-32.7,122.7,2
263,ml_anomal,2026-07-10 02:13:07.837949+05:30,90.0,-32.7,122.7,2
264,ml_anomal,2026-07-10 02:13:07.937119+05:30,90.0,-32.7,122.7,2
265,ml_anomal,2026-07-10 02:13:08.037065+05:30,90.0,-32.52,122.52,2
266,ml_anomal,2026-07-10 02:13:08.137594+05:30,90.0,-32.52,122.52,2
267,ml_anomal,2026-07-10 02:13:08.238069+05:30,90.0,-32.52,122.52,2
268,ml_anomal,2026-07-10 02:13:08.337961+05:30,90.0,-32.52,122.52,1
269,ml_anomal,2026-07-10 02:13:08.438086+05:30,90.0,-32.52,122.52,2
270,ml_anomal,2026-07-10 02:13:08.538579+05:30,90.0,-31.99,121.99,2
271,ml_anomal,2026-07-10 02:13:08.638220+05:30,90.0,-31.64,121.64,2
272,ml_anomal,2026-07-10 02:13:08.737801+05:30,90.0,-31.29,121.29,2
273,ml_anomal,2026-07-10 02:13:08.839666+05:30,90.0,-30.94,120.94,2
274,ml_anomal,2026-07-10 02:13:08.938463+05:30,90.0,-30.41,120.41,2
275,ml_anomal,2026-07-10 02:13:09.039395+05:30,90.0,-30.06,120.06,2
276,ml_anomal,2026-07-10 02:13:09.139704+05:30,90.0,-29.71,119.71,2
277,ml_anomal,2026-07-10 02:13:09.237697+05:30,90.0,-29.18,119.18,1
278,ml_anomal,2026-07-10 02:13:09.340672+05:30,90.0,-29.0,119.0,2
279,ml_anomal,2026-07-10 02:13:09.442218+05:30,90.0,-28.65,118.65,2
280,ml_anomal,2026-07-10 02:13:09.537819+05:30,90.0,-28.3,118.3,2
281,ml_anomal,2026-07-10 02:13:09.640619+05:30,90.0,-28.12,118.12,2
282,ml_anomal,2026-07-10 02:13:09.738556+05:30,90.0,-27.6,117.6,2
283,ml_anomal,2026-07-10 02:13:09.838717+05:30,90.0,-27.25,117.25,2
284,ml_anomal,2026-07-10 02:13:09.937751+05:30,90.0,-26.72,116.72,2
285,ml_anomal,2026-07-10 02:13:10.039303+05:30,90.0,-26.19,116.19,2
286,ml_anomal,2026-07-10 02:13:10.140343+05:30,90.0,-25.84,115.84,1
287,ml_anomal,2026-07-10 02:13:10.238986+05:30,90.0,-25.66,115.66,2
288,ml_anomal,2026-07-10 02:13:10.339467+05:30,90.0,-25.31,115.31,2
289,ml_anomal,2026-07-10 02:13:10.437598+05:30,90.0,-24.79,114.79,2
290,ml_anomal,2026-07-10 02:13:10.537536+05:30,90.0,-24.43,114.43,2
291,ml_anomal,2026-07-10 02:13:10.644214+05:30,90.0,-24.08,114.08,2
292,ml_anomal,2026-07-10 02:13:10.738055+05:30,90.0,-23.73,113.73,2
293,ml_anomal,2026-07-10 02:13:10.838704+05:30,90.0,-23.73,113.73,2
294,ml_anomal,2026-07-10 02:13:10.941020+05:30,90.0,-23.55,113.55,2
295,ml_anomal,2026-07-10 02:13:11.038950+05:30,90.0,-23.55,113.55,1
296,ml_anomal,2026-07-10 02:13:11.138820+05:30,90.0,-23.55,113.55,2
297,ml_anomal,2026-07-10 02:13:11.238206+05:30,90.0,-23.38,113.38,2
298,ml_anomal,2026-07-10 02:13:11.338731+05:30,90.0,-23.38,113.38,2
299,ml_anomal,2026-07-10 02:13:11.437349+05:30,90.0,-23.38,113.38,2
300,ml_anomal,2026-07-10 02:13:11.538522+05:30,90.0,-23.38,113.38,2
301,ml_anomal,2026-07-10 02:13:11.640043+05:30,90.0,-23.38,113.38,2
302,ml_anomal,2026-07-10 02:13:11.737970+05:30,90.0,-23.2,113.2,2
303,ml_anomal,2026-07-10 02:13:11.837263+05:30,90.0,-23.2,113.2,2
304,ml_anomal,2026-07-10 02:13:11.938523+05:30,90.0,-23.2,113.2,1
305,ml_anomal,2026-07-10 02:13:12.038757+05:30,90.0,-23.03,113.03,2
306,ml_anomal,2026-07-10 02:13:12.141393+05:30,90.0,-23.03,113.03,2
307,ml_anomal,2026-07-10 02:13:12.241724+05:30,90.0,-22.85,112.85,2
308,ml_anomal,2026-07-10 02:13:12.339328+05:30,90.0,-22.85,112.85,2
309,ml_anomal,2026-07-10 02:13:12.438379+05:30,90.0,-22.85,112.85,2
310,ml_anomal,2026-07-10 02:13:12.537721+05:30,90.0,-22.85,112.85,2
311,ml_anomal,2026-07-10 02:13:12.639971+05:30,90.0,-22.85,112.85,2
312,ml_anomal,2026-07-10 02:13:12.739201+05:30,90.0,-22.68,112.68,2
313,ml_anomal,2026-07-10 02:13:12.839588+05:30,90.0,-22.68,112.68,1
314,ml_anomal,2026-07-10 02:13:12.937403+05:30,90.0,-22.68,112.68,2
315,ml_anomal,2026-07-10 02:13:13.039236+05:30,90.0,-22.68,112.68,2
316,ml_anomal,2026-07-10 02:13:13.142589+05:30,90.0,-22.68,112.68,2
317,ml_anomal,2026-07-10 02:13:13.238529+05:30,90.0,-22.5,112.5,2
318,ml_anomal,2026-07-10 02:13:13.339946+05:30,90.0,-22.5,112.5,2
319,ml_anomal,2026-07-10 02:13:13.438511+05:30,90.0,-22.5,112.5,2
320,ml_anomal,2026-07-10 02:13:13.539671+05:30,90.0,-22.5,112.5,2
321,ml_anomal,2026-07-10 02:13:13.638583+05:30,90.0,-22.5,112.5,2
322,ml_anomal,2026-07-10 02:13:13.738880+05:30,90.0,-22.5,112.5,1
323,ml_anomal,2026-07-10 02:13:13.836301+05:30,90.0,-22.5,112.5,2
324,ml_anomal,2026-07-10 02:13:13.937407+05:30,90.0,-22.5,112.5,2
325,ml_anomal,2026-07-10 02:13:14.039679+05:30,90.0,-22.5,112.5,2
326,ml_anomal,2026-07-10 02:13:14.140095+05:30,90.0,-22.32,112.32,2
327,ml_anomal,2026-07-10 02:13:14.240017+05:30,90.0,-22.32,112.32,2
328,ml_anomal,2026-07-10 02:13:14.339804+05:30,90.0,-22.32,112.32,2
329,ml_anomal,2026-07-10 02:13:14.438776+05:30,90.0,-22.32,112.32,2
330,ml_anomal,2026-07-10 02:13:14.539669+05:30,90.0,-22.15,112.15,2
331,ml_anomal,2026-07-10 02:13:14.639451+05:30,90.0,-22.15,112.15,1
332,ml_anomal,2026-07-10 02:13:14.737350+05:30,90.0,-22.15,112.15,2
333,ml_anomal,2026-07-10 02:13:14.838121+05:30,90.0,-22.15,112.15,2
334,ml_anomal,2026-07-10 02:13:14.940414+05:30,90.0,-22.15,112.15,2
335,ml_anomal,2026-07-10 02:13:15.039651+05:30,90.0,-22.15,112.15,2
336,ml_anomal,2026-07-10 02:13:15.139326+05:30,90.0,-22.15,112.15,2
337,ml_anomal,2026-07-10 02:13:15.238928+05:30,90.0,-22.15,112.15,2
338,ml_anomal,2026-07-10 02:13:15.338908+05:30,90.0,-22.15,112.15,2
339,ml_anomal,2026-07-10 02:13:15.439795+05:30,90.0,-22.15,112.15,2
340,ml_anomal,2026-07-10 02:13:15.538395+05:30,90.0,-22.15,112.15,1
341,ml_anomal,2026-07-10 02:13:15.639481+05:30,90.0,-22.15,112.15,2
342,ml_anomal,2026-07-10 02:13:15.740961+05:30,90.0,-22.15,112.15,2
343,ml_anomal,2026-07-10 02:13:15.839069+05:30,90.0,-22.15,112.15,2
344,ml_anomal,2026-07-10 02:13:15.938915+05:30,90.0,-22.15,112.15,2
345,ml_anomal,2026-07-10 02:13:16.038483+05:30,90.0,-22.15,112.15,2
346,ml_anomal,2026-07-10 02:13:16.138308+05:30,90.0,-22.15,112.15,2
347,ml_anomal,2026-07-10 02:13:16.238285+05:30,90.0,-21.97,111.97,2
348,ml_anomal,2026-07-10 02:13:16.338723+05:30,90.0,-21.97,111.97,2
349,ml_anomal,2026-07-10 02:13:16.439718+05:30,90.0,-21.8,111.8,1
350,ml_anomal,2026-07-10 02:13:16.539836+05:30,90.0,-21.8,111.8,2
351,ml_anomal,2026-07-10 02:13:16.638285+05:30,90.0,-21.8,111.8,2
352,ml_anomal,2026-07-10 02:13:16.738146+05:30,90.0,-21.8,111.8,2
353,ml_anomal,2026-07-10 02:13:16.838602+05:30,90.0,-21.8,111.8,2
354,ml_anomal,2026-07-10 02:13:16.939270+05:30,90.0,-21.8,111.8,2
355,ml_anomal,2026-07-10 02:13:17.042480+05:30,90.0,-21.8,111.8,2
356,ml_anomal,2026-07-10 02:13:17.138343+05:30,90.0,-21.62,111.62,2
357,ml_anomal,2026-07-10 02:13:17.238564+05:30,90.0,-21.62,111.62,2
358,ml_anomal,2026-07-10 02:13:17.339585+05:30,90.0,-21.62,111.62,1
359,ml_anomal,2026-07-10 02:13:17.441211+05:30,90.0,-21.62,111.62,2
360,ml_anomal,2026-07-10 02:13:17.538682+05:30,90.0,-21.62,111.62,2
361,ml_anomal,2026-07-10 02:13:17.641038+05:30,90.0,-21.45,111.45,2
362,ml_anomal,2026-07-10 02:13:17.736622+05:30,90.0,-21.09,111.09,2
363,ml_anomal,2026-07-10 02:13:17.841276+05:30,90.0,-20.74,110.74,2
364,ml_anomal,2026-07-10 02:13:17.938406+05:30,90.0,-20.21,110.21,2
365,ml_anomal,2026-07-10 02:13:18.037111+05:30,90.0,-19.86,109.86,2
366,ml_anomal,2026-07-10 02:13:18.138260+05:30,90.0,-19.51,109.51,2
367,ml_anomal,2026-07-10 02:13:18.237961+05:30,90.0,-19.34,109.34,1
368,ml_anomal,2026-07-10 02:13:18.338982+05:30,90.0,-18.98,108.98,2
369,ml_anomal,2026-07-10 02:13:18.437675+05:30,90.0,-18.63,108.63,2
370,ml_anomal,2026-07-10 02:13:18.538364+05:30,90.0,-18.28,108.28,2
371,ml_anomal,2026-07-10 02:13:18.638644+05:30,90.0,-17.93,107.93,2
372,ml_anomal,2026-07-10 02:13:18.738102+05:30,90.0,-17.58,107.58,2
373,ml_anomal,2026-07-10 02:13:18.839073+05:30,90.0,-17.23,107.23,2
374,ml_anomal,2026-07-10 02:13:18.939669+05:30,90.0,-16.87,106.87,2
375,ml_anomal,2026-07-10 02:13:19.039248+05:30,90.0,-16.52,106.52,2
376,ml_anomal,2026-07-10 02:13:19.139026+05:30,90.0,-16.17,106.17,1
377,ml_anomal,2026-07-10 02:13:19.246635+05:30,90.0,-15.82,105.82,2
378,ml_anomal,2026-07-10 02:13:19.341993+05:30,90.0,-15.47,105.47,2
379,ml_anomal,2026-07-10 02:13:19.437994+05:30,90.0,-15.12,105.12,2
380,ml_anomal,2026-07-10 02:13:19.538843+05:30,90.0,-14.59,104.59,2
381,ml_anomal,2026-07-10 02:13:19.639211+05:30,90.0,-14.24,104.24,2
382,ml_anomal,2026-07-10 02:13:19.737211+05:30,90.0,-13.89,103.89,2
383,ml_anomal,2026-07-10 02:13:19.838512+05:30,90.0,-13.54,103.54,2
384,ml_anomal,2026-07-10 02:13:19.939466+05:30,90.0,-13.18,103.18,2
385,ml_anomal,2026-07-10 02:13:20.037422+05:30,90.0,-12.83,102.83,1
386,ml_anomal,2026-07-10 02:13:20.138464+05:30,90.0,-12.66,102.66,2
387,ml_anomal,2026-07-10 02:13:20.237715+05:30,90.0,-12.13,102.13,2
388,ml_anomal,2026-07-10 02:13:20.340336+05:30,90.0,-11.78,101.78,2
389,ml_anomal,2026-07-10 02:13:20.438331+05:30,90.0,-11.43,101.43,2
390,ml_anomal,2026-07-10 02:13:20.539069+05:30,90.0,-11.07,101.07,2
391,ml_anomal,2026-07-10 02:13:20.636423+05:30,90.0,-10.55,100.55,2
392,ml_anomal,2026-07-10 02:13:20.737521+05:30,90.0,-10.02,100.02,2
393,ml_anomal,2026-07-10 02:13:20.838933+05:30,90.0,-9.49,99.49,2
394,ml_anomal,2026-07-10 02:13:20.939036+05:30,90.0,-9.14,99.14,1
395,ml_anomal,2026-07-10 02:13:21.039199+05:30,90.0,-8.96,98.96,2
396,ml_anomal,2026-07-10 02:13:21.137874+05:30,90.0,-8.61,98.61,2
397,ml_anomal,2026-07-10 02:13:21.237228+05:30,90.0,-8.26,98.26,2
398,ml_anomal,2026-07-10 02:13:21.340683+05:30,90.0,-7.73,97.73,2
399,ml_anomal,2026-07-10 02:13:21.438967+05:30,90.0,-7.38,97.38,2
400,ml_anomal,2026-07-10 02:13:21.538259+05:30,90.0,-7.03,97.03,2
401,ml_anomal,2026-07-10 02:13:21.641598+05:30,90.0,-6.68,96.68,2
402,ml_anomal,2026-07-10 02:13:21.736652+05:30,90.0,-6.33,96.33,2
403,ml_anomal,2026-07-10 02:13:21.837339+05:30,90.0,-5.98,95.98,1
404,ml_anomal,2026-07-10 02:13:21.939967+05:30,90.0,-5.8,95.8,2
405,ml_anomal,2026-07-10 02:13:22.038837+05:30,90.0,-5.62,95.62,2
406,ml_anomal,2026-07-10 02:13:22.139068+05:30,90.0,-5.27,95.27,2
407,ml_anomal,2026-07-10 02:13:22.240244+05:30,90.0,-5.27,95.27,2
408,ml_anomal,2026-07-10 02:13:22.341985+05:30,90.0,-5.27,95.27,2
409,ml_anomal,2026-07-10 02:13:22.439700+05:30,90.0,-5.27,95.27,2
410,ml_anomal,2026-07-10 02:13:22.539357+05:30,90.0,-5.27,95.27,2
411,ml_anomal,2026-07-10 02:13:22.641644+05:30,90.0,-5.27,95.27,2
412,ml_anomal,2026-07-10 02:13:22.739374+05:30,90.0,-5.1,95.1,1
413,ml_anomal,2026-07-10 02:13:22.839459+05:30,90.0,-5.1,95.1,2
414,ml_anomal,2026-07-10 02:13:22.939013+05:30,90.0,-5.1,95.1,2
415,ml_anomal,2026-07-10 02:13:23.038098+05:30,90.0,-5.1,95.1,2
416,ml_anomal,2026-07-10 02:13:23.140115+05:30,90.0,-4.75,94.75,2
417,ml_anomal,2026-07-10 02:13:23.237683+05:30,90.0,-4.57,94.57,2
418,ml_anomal,2026-07-10 02:13:23.341702+05:30,90.0,-4.22,94.22,2
419,ml_anomal,2026-07-10 02:13:23.439155+05:30,90.0,-3.87,93.87,2
420,ml_anomal,2026-07-10 02:13:23.537962+05:30,90.0,-3.69,93.69,2
421,ml_anomal,2026-07-10 02:13:23.641606+05:30,90.0,-3.69,93.69,1
422,ml_anomal,2026-07-10 02:13:23.738491+05:30,90.0,-3.52,93.52,2
423,ml_anomal,2026-07-10 02:13:23.839090+05:30,90.0,-3.34,93.34,2
424,ml_anomal,2026-07-10 02:13:23.938179+05:30,90.0,-3.34,93.34,2
425,ml_anomal,2026-07-10 02:13:24.038535+05:30,90.0,-3.16,93.16,2
426,ml_anomal,2026-07-10 02:13:24.136900+05:30,90.0,-2.81,92.81,2
427,ml_anomal,2026-07-10 02:13:24.239842+05:30,90.0,-2.46,92.46,2
428,ml_anomal,2026-07-10 02:13:24.339548+05:30,90.0,-2.46,92.46,2
429,ml_anomal,2026-07-10 02:13:24.438476+05:30,90.0,-2.29,92.29,2
430,ml_anomal,2026-07-10 02:13:24.538813+05:30,90.0,-2.29,92.29,1
431,ml_anomal,2026-07-10 02:13:24.639808+05:30,90.0,-2.29,92.29,2
432,ml_anomal,2026-07-10 02:13:24.737105+05:30,90.0,-2.29,92.29,2
433,ml_anomal,2026-07-10 02:13:24.838716+05:30,90.0,-2.29,92.29,2
434,ml_anomal,2026-07-10 02:13:24.938496+05:30,90.0,-2.29,92.29,2
435,ml_anomal,2026-07-10 02:13:25.039316+05:30,90.0,-2.29,92.29,2
436,ml_anomal,2026-07-10 02:13:25.138373+05:30,90.0,-2.29,92.29,2
437,ml_anomal,2026-07-10 02:13:25.239664+05:30,90.0,-2.29,92.29,2
438,ml_anomal,2026-07-10 02:13:25.343757+05:30,90.0,-2.29,92.29,2
439,ml_anomal,2026-07-10 02:13:25.439415+05:30,90.0,-2.29,92.29,1
440,ml_anomal,2026-07-10 02:13:25.540095+05:30,90.0,-2.29,92.29,2
441,ml_anomal,2026-07-10 02:13:25.637861+05:30,90.0,-2.29,92.29,2
442,ml_anomal,2026-07-10 02:13:25.737283+05:30,90.0,-2.29,92.29,2
443,ml_anomal,2026-07-10 02:13:25.838491+05:30,90.0,-2.29,92.29,2
444,ml_anomal,2026-07-10 02:13:25.937975+05:30,90.0,-2.29,92.29,2
445,ml_anomal,2026-07-10 02:13:26.038397+05:30,90.0,-2.29,92.29,2
446,ml_anomal,2026-07-10 02:13:26.137408+05:30,90.0,-2.29,92.29,2
447,ml_anomal,2026-07-10 02:13:26.238338+05:30,90.0,-2.29,92.29,2
448,ml_anomal,2026-07-10 02:13:26.340272+05:30,90.0,-2.29,92.29,1
449,ml_anomal,2026-07-10 02:13:26.438593+05:30,90.0,-2.29,92.29,2
450,ml_anomal,2026-07-10 02:13:26.538668+05:30,90.0,-2.29,92.29,2
451,ml_anomal,2026-07-10 02:13:26.638404+05:30,90.0,-2.29,92.29,2
452,ml_anomal,2026-07-10 02:13:26.738619+05:30,90.0,-2.29,92.29,2
453,ml_anomal,2026-07-10 02:13:26.838557+05:30,90.0,-2.29,92.29,2
454,ml_anomal,2026-07-10 02:13:26.938589+05:30,90.0,-2.29,92.29,2
455,ml_anomal,2026-07-10 02:13:27.037983+05:30,90.0,-2.29,92.29,2
456,ml_anomal,2026-07-10 02:13:27.136986+05:30,90.0,-2.29,92.29,2
457,ml_anomal,2026-07-10 02:13:27.238603+05:30,90.0,-2.29,92.29,1
458,ml_anomal,2026-07-10 02:13:27.338993+05:30,90.0,-2.29,92.29,2
459,ml_anomal,2026-07-10 02:13:27.438300+05:30,90.0,-2.29,92.29,2
460,ml_anomal,2026-07-10 02:13:27.538673+05:30,90.0,-2.29,92.29,2
461,ml_anomal,2026-07-10 02:13:27.641960+05:30,90.0,-2.29,92.29,2
462,ml_anomal,2026-07-10 02:13:27.737079+05:30,90.0,-2.29,92.29,2
463,ml_anomal,2026-07-10 02:13:27.838712+05:30,90.0,-2.29,92.29,2
464,ml_anomal,2026-07-10 02:13:27.938527+05:30,90.0,-2.29,92.29,2
465,ml_anomal,2026-07-10 02:13:28.038959+05:30,90.0,-2.29,92.29,2
466,ml_anomal,2026-07-10 02:13:28.140407+05:30,90.0,-2.29,92.29,1
467,ml_anomal,2026-07-10 02:13:28.239004+05:30,90.0,-2.29,92.29,2
468,ml_anomal,2026-07-10 02:13:28.337821+05:30,90.0,-2.29,92.29,2
469,ml_anomal,2026-07-10 02:13:28.438769+05:30,90.0,-2.29,92.29,2
470,ml_anomal,2026-07-10 02:13:28.539496+05:30,90.0,-2.29,92.29,2
471,ml_anomal,2026-07-10 02:13:28.641116+05:30,90.0,-2.29,92.29,2
472,ml_anomal,2026-07-10 02:13:28.740573+05:30,90.0,-2.29,92.29,2
473,ml_anomal,2026-07-10 02:13:28.838242+05:30,90.0,-2.29,92.29,2
474,ml_anomal,2026-07-10 02:13:28.938651+05:30,90.0,-2.29,92.29,2
475,ml_anomal,2026-07-10 02:13:29.040308+05:30,90.0,-2.29,92.29,1
476,ml_anomal,2026-07-10 02:13:29.138611+05:30,90.0,-2.29,92.29,2
477,ml_anomal,2026-07-10 02:13:29.237664+05:30,90.0,-2.29,92.29,2
478,ml_anomal,2026-07-10 02:13:29.338987+05:30,90.0,-2.29,92.29,2
479,ml_anomal,2026-07-10 02:13:29.438883+05:30,90.0,-2.29,92.29,2
480,ml_anomal,2026-07-10 02:13:29.538980+05:30,90.0,-2.29,92.29,2
481,ml_anomal,2026-07-10 02:13:29.640065+05:30,90.0,-2.29,92.29,2
482,ml_anomal,2026-07-10 02:13:29.737571+05:30,90.0,-2.29,92.29,2
483,ml_anomal,2026-07-10 02:13:29.838755+05:30,90.0,-2.29,92.29,2
484,ml_anomal,2026-07-10 02:13:29.939726+05:30,90.0,-2.29,92.29,1
485,ml_anomal,2026-07-10 02:13:30.038108+05:30,90.0,-2.29,92.29,2
486,ml_anomal,2026-07-10 02:13:30.138066+05:30,90.0,-2.29,92.29,2
487,ml_anomal,2026-07-10 02:13:30.238317+05:30,90.0,-2.29,92.29,2
488,ml_anomal,2026-07-10 02:13:30.338871+05:30,90.0,-2.29,92.29,2
489,ml_anomal,2026-07-10 02:13:30.440380+05:30,90.0,-2.29,92.29,2
490,ml_anomal,2026-07-10 02:13:30.537913+05:30,90.0,-2.29,92.29,2
491,ml_anomal,2026-07-10 02:13:30.641542+05:30,90.0,-2.29,92.29,2
492,ml_anomal,2026-07-10 02:13:30.740202+05:30,90.0,-2.29,92.29,2
493,ml_anomal,2026-07-10 02:13:30.838316+05:30,90.0,-2.29,92.29,1
494,ml_anomal,2026-07-10 02:13:30.938071+05:30,90.0,-2.29,92.29,2
495,ml_anomal,2026-07-10 02:13:31.037956+05:30,90.0,-2.29,92.29,2
496,ml_anomal,2026-07-10 02:13:31.137894+05:30,90.0,-2.29,92.29,2
497,ml_anomal,2026-07-10 02:13:31.238705+05:30,90.0,-2.29,92.29,2
498,ml_anomal,2026-07-10 02:13:31.338610+05:30,90.0,-2.29,92.29,2
499,ml_anomal,2026-07-10 02:13:31.438218+05:30,90.0,-2.29,92.29,2
500,ml_anomal,2026-07-10 02:13:31.537491+05:30,90.0,-2.29,92.29,2
501,ml_anomal,2026-07-10 02:13:31.641517+05:30,90.0,-2.29,92.29,2
502,ml_anomal,2026-07-10 02:13:31.738659+05:30,90.0,-2.29,92.29,1
503,ml_anomal,2026-07-10 02:13:31.838308+05:30,90.0,-2.29,92.29,2
504,ml_anomal,2026-07-10 02:13:31.938042+05:30,90.0,-2.29,92.29,2
505,ml_anomal,2026-07-10 02:13:32.040675+05:30,90.0,-2.29,92.29,2
506,ml_anomal,2026-07-10 02:13:32.138430+05:30,90.0,-2.29,92.29,2
507,ml_anomal,2026-07-10 02:13:32.239336+05:30,90.0,-2.29,92.29,2
508,ml_anomal,2026-07-10 02:13:32.337277+05:30,90.0,-2.29,92.29,2
509,ml_anomal,2026-07-10 02:13:32.438085+05:30,90.0,-2.29,92.29,2
510,ml_anomal,2026-07-10 02:13:32.538378+05:30,90.0,-2.29,92.29,2
511,ml_anomal,2026-07-10 02:13:32.638009+05:30,90.0,-2.29,92.29,1
512,ml_anomal,2026-07-10 02:13:32.742446+05:30,90.0,-2.29,92.29,2
513,ml_anomal,2026-07-10 02:13:32.839504+05:30,90.0,-2.29,92.29,2
514,ml_anomal,2026-07-10 02:13:32.938269+05:30,90.0,-2.29,92.29,2
515,ml_anomal,2026-07-10 02:13:33.039620+05:30,90.0,-2.29,92.29,2
516,ml_anomal,2026-07-10 02:13:33.138897+05:30,90.0,-2.29,92.29,2
517,ml_anomal,2026-07-10 02:13:33.240508+05:30,90.0,-2.29,92.29,2
518,ml_anomal,2026-07-10 02:13:33.338158+05:30,90.0,-2.29,92.29,2
519,ml_anomal,2026-07-10 02:13:33.438136+05:30,90.0,-2.29,92.29,2
520,ml_anomal,2026-07-10 02:13:33.538310+05:30,90.0,-2.29,92.29,1
521,ml_anomal,2026-07-10 02:13:33.637723+05:30,90.0,-2.29,92.29,2
522,ml_anomal,2026-07-10 02:13:33.738285+05:30,90.0,-2.29,92.29,2
523,ml_anomal,2026-07-10 02:13:33.838796+05:30,90.0,-2.29,92.29,2
524,ml_anomal,2026-07-10 02:13:33.938021+05:30,90.0,-2.29,92.29,2
525,ml_anomal,2026-07-10 02:13:34.038825+05:30,90.0,-2.29,92.29,2
526,ml_anomal,2026-07-10 02:13:34.138141+05:30,90.0,-2.29,92.29,2
527,ml_anomal,2026-07-10 02:13:34.237547+05:30,90.0,-2.29,92.29,2
528,ml_anomal,2026-07-10 02:13:34.339067+05:30,90.0,-2.29,92.29,2
529,ml_anomal,2026-07-10 02:13:34.438310+05:30,90.0,-2.29,92.29,1
530,ml_anomal,2026-07-10 02:13:34.539560+05:30,90.0,-2.29,92.29,2
531,ml_anomal,2026-07-10 02:13:34.639922+05:30,90.0,-2.29,92.29,2
532,ml_anomal,2026-07-10 02:13:34.738602+05:30,90.0,-2.29,92.29,2
533,ml_anomal,2026-07-10 02:13:34.839181+05:30,90.0,-2.29,92.29,2
534,ml_anomal,2026-07-10 02:13:34.937790+05:30,90.0,-2.29,92.29,2
535,ml_anomal,2026-07-10 02:13:35.038454+05:30,90.0,-2.29,92.29,2
536,ml_anomal,2026-07-10 02:13:35.138504+05:30,90.0,-2.29,92.29,2
537,ml_anomal,2026-07-10 02:13:35.237950+05:30,90.0,-2.29,92.29,2
538,ml_anomal,2026-07-10 02:13:35.339615+05:30,90.0,-2.29,92.29,1
539,ml_anomal,2026-07-10 02:13:35.438083+05:30,90.0,-2.29,92.29,2
540,ml_anomal,2026-07-10 02:13:35.539665+05:30,90.0,-2.29,92.29,2
541,ml_anomal,2026-07-10 02:13:35.637553+05:30,90.0,-2.29,92.29,2
542,ml_anomal,2026-07-10 02:13:35.738155+05:30,90.0,-2.29,92.29,2
543,ml_anomal,2026-07-10 02:13:35.837502+05:30,90.0,-2.29,92.29,2
544,ml_anomal,2026-07-10 02:13:35.938024+05:30,90.0,-2.29,92.29,2
545,ml_anomal,2026-07-10 02:13:36.038233+05:30,90.0,-2.29,92.29,2
546,ml_anomal,2026-07-10 02:13:36.137407+05:30,90.0,-2.29,92.29,2
547,ml_anomal,2026-07-10 02:13:36.238106+05:30,90.0,-2.29,92.29,1
548,ml_anomal,2026-07-10 02:13:36.338893+05:30,90.0,-2.29,92.29,2
549,ml_anomal,2026-07-10 02:13:36.439489+05:30,90.0,-2.29,92.29,2
550,ml_anomal,2026-07-10 02:13:36.538589+05:30,90.0,-2.29,92.29,2
551,ml_anomal,2026-07-10 02:13:36.638646+05:30,90.0,-2.29,92.29,2
552,ml_anomal,2026-07-10 02:13:36.737246+05:30,90.0,-2.29,92.29,2
553,ml_anomal,2026-07-10 02:13:36.836915+05:30,90.0,-2.29,92.29,2
554,ml_anomal,2026-07-10 02:13:36.937776+05:30,90.0,-2.29,92.29,2
555,ml_anomal,2026-07-10 02:13:37.038296+05:30,90.0,-2.29,92.29,2
556,ml_anomal,2026-07-10 02:13:37.139492+05:30,90.0,-2.29,92.29,1
557,ml_anomal,2026-07-10 02:13:37.238380+05:30,90.0,-2.29,92.29,2
558,ml_anomal,2026-07-10 02:13:37.339699+05:30,90.0,-2.29,92.29,2
559,ml_anomal,2026-07-10 02:13:37.438061+05:30,90.0,-2.29,92.29,2
560,ml_anomal,2026-07-10 02:13:37.538697+05:30,90.0,-2.11,92.11,2
561,ml_anomal,2026-07-10 02:13:37.642302+05:30,90.0,-2.11,92.11,2
562,ml_anomal,2026-07-10 02:13:37.740877+05:30,90.0,-2.11,92.11,2
563,ml_anomal,2026-07-10 02:13:37.839001+05:30,90.0,-2.11,92.11,2
564,ml_anomal,2026-07-10 02:13:37.937216+05:30,90.0,-2.11,92.11,2
565,ml_anomal,2026-07-10 02:13:38.039531+05:30,90.0,-2.11,92.11,1
566,ml_anomal,2026-07-10 02:13:38.138627+05:30,90.0,-2.11,92.11,2
567,ml_anomal,2026-07-10 02:13:38.238970+05:30,90.0,-2.11,92.11,2
568,ml_anomal,2026-07-10 02:13:38.339462+05:30,90.0,-2.11,92.11,2
569,ml_anomal,2026-07-10 02:13:38.439979+05:30,90.0,-2.11,92.11,2
570,ml_anomal,2026-07-10 02:13:38.539202+05:30,90.0,-2.11,92.11,2
571,ml_anomal,2026-07-10 02:13:38.637795+05:30,90.0,-2.11,92.11,2
572,ml_anomal,2026-07-10 02:13:38.738666+05:30,90.0,-2.11,92.11,2
573,ml_anomal,2026-07-10 02:13:38.838379+05:30,90.0,-2.11,92.11,2
574,ml_anomal,2026-07-10 02:13:38.938308+05:30,90.0,-2.11,92.11,1
575,ml_anomal,2026-07-10 02:13:39.039395+05:30,90.0,-2.11,92.11,2
576,ml_anomal,2026-07-10 02:13:39.139432+05:30,90.0,-2.11,92.11,2
577,ml_anomal,2026-07-10 02:13:39.238353+05:30,90.0,-2.11,92.11,2
578,ml_anomal,2026-07-10 02:13:39.339037+05:30,90.0,-2.11,92.11,2
579,ml_anomal,2026-07-10 02:13:39.441571+05:30,90.0,-2.11,92.11,2
580,ml_anomal,2026-07-10 02:13:39.539488+05:30,90.0,-2.11,92.11,2
581,ml_anomal,2026-07-10 02:13:39.639209+05:30,90.0,-2.11,92.11,2
582,ml_anomal,2026-07-10 02:13:39.737077+05:30,90.0,-2.11,92.11,2
583,ml_anomal,2026-07-10 02:13:39.836773+05:30,90.0,-2.11,92.11,1
584,ml_anomal,2026-07-10 02:13:39.939389+05:30,90.0,-2.11,92.11,2
585,ml_anomal,2026-07-10 02:13:40.041956+05:30,90.0,-2.11,92.11,2
586,ml_anomal,2026-07-10 02:13:40.137923+05:30,90.0,-2.11,92.11,2
587,ml_anomal,2026-07-10 02:13:40.238139+05:30,90.0,-2.11,92.11,2
588,ml_anomal,2026-07-10 02:13:40.337763+05:30,90.0,-2.11,92.11,2
589,ml_anomal,2026-07-10 02:13:40.438533+05:30,90.0,-2.11,92.11,2
590,ml_anomal,2026-07-10 02:13:40.539189+05:30,90.0,-2.11,92.11,2
591,ml_anomal,2026-07-10 02:13:40.641493+05:30,90.0,-2.11,92.11,2
592,ml_anomal,2026-07-10 02:13:40.741525+05:30,90.0,-2.11,92.11,1
593,ml_anomal,2026-07-10 02:13:40.837960+05:30,90.0,-2.11,92.11,2
594,ml_anomal,2026-07-10 02:13:40.939761+05:30,90.0,-2.11,92.11,2
595,ml_anomal,2026-07-10 02:13:41.038249+05:30,90.0,-2.11,92.11,2
596,ml_anomal,2026-07-10 02:13:41.138737+05:30,90.0,-2.11,92.11,2
597,ml_anomal,2026-07-10 02:13:41.239846+05:30,90.0,-2.11,92.11,2
598,ml_anomal,2026-07-10 02:13:41.338183+05:30,90.0,-2.11,92.11,2
599,ml_anomal,2026-07-10 02:13:41.438247+05:30,90.0,-2.11,92.11,2
600,ml_anomal,2026-07-10 02:13:41.536956+05:30,90.0,-2.11,92.11,2
601,ml_anomal,2026-07-10 02:13:41.641082+05:30,90.0,-2.11,92.11,1
602,ml_anomal,2026-07-10 02:13:41.739405+05:30,90.0,-2.11,92.11,2
603,ml_anomal,2026-07-10 02:13:41.840064+05:30,90.0,-2.11,92.11,2
604,ml_anomal,2026-07-10 02:13:41.939765+05:30,90.0,-2.11,92.11,2
605,ml_anomal,2026-07-10 02:13:42.038879+05:30,90.0,-2.11,92.11,2
606,ml_anomal,2026-07-10 02:13:42.141049+05:30,90.0,-2.11,92.11,2
607,ml_anomal,2026-07-10 02:13:42.240663+05:30,90.0,-2.11,92.11,2
608,ml_anomal,2026-07-10 02:13:42.338352+05:30,90.0,-2.11,92.11,2
609,ml_anomal,2026-07-10 02:13:42.439589+05:30,90.0,-2.11,92.11,2
610,ml_anomal,2026-07-10 02:13:42.539066+05:30,90.0,-2.11,92.11,1
611,ml_anomal,2026-07-10 02:13:42.638339+05:30,90.0,-2.11,92.11,2
612,ml_anomal,2026-07-10 02:13:42.738162+05:30,90.0,-2.11,92.11,2
613,ml_anomal,2026-07-10 02:13:42.841042+05:30,90.0,-2.11,92.11,2
614,ml_anomal,2026-07-10 02:13:42.938671+05:30,90.0,-2.11,92.11,2
615,ml_anomal,2026-07-10 02:13:43.039952+05:30,90.0,-2.11,92.11,2
616,ml_anomal,2026-07-10 02:13:43.140236+05:30,90.0,-2.11,92.11,2
617,ml_anomal,2026-07-10 02:13:43.237949+05:30,90.0,-2.11,92.11,2
618,ml_anomal,2026-07-10 02:13:43.339357+05:30,90.0,-2.11,92.11,2
619,ml_anomal,2026-07-10 02:13:43.438658+05:30,90.0,-2.11,92.11,1
620,ml_anomal,2026-07-10 02:13:43.540077+05:30,90.0,-2.11,92.11,2
621,ml_anomal,2026-07-10 02:13:43.640569+05:30,90.0,-2.11,92.11,2
622,ml_anomal,2026-07-10 02:13:43.738751+05:30,90.0,-2.11,92.11,2
623,ml_anomal,2026-07-10 02:13:43.836781+05:30,90.0,-2.11,92.11,2
624,ml_anomal,2026-07-10 02:13:43.961409+05:30,90.0,-2.11,92.11,2
625,ml_anomal,2026-07-10 02:13:44.037363+05:30,90.0,-2.11,92.11,2
626,ml_anomal,2026-07-10 02:13:44.138726+05:30,90.0,-2.11,92.11,2
627,ml_anomal,2026-07-10 02:13:44.238398+05:30,90.0,-2.11,92.11,2
628,ml_anomal,2026-07-10 02:13:44.338712+05:30,90.0,-2.11,92.11,1
629,ml_anomal,2026-07-10 02:13:44.438484+05:30,90.0,-2.11,92.11,2
630,ml_anomal,2026-07-10 02:13:44.538660+05:30,90.0,-2.11,92.11,2
631,ml_anomal,2026-07-10 02:13:44.639813+05:30,90.0,-2.11,92.11,2
632,ml_anomal,2026-07-10 02:13:44.738990+05:30,90.0,-2.11,92.11,2
633,ml_anomal,2026-07-10 02:13:44.838632+05:30,90.0,-2.11,92.11,2
634,ml_anomal,2026-07-10 02:13:44.939834+05:30,90.0,-2.11,92.11,2
635,ml_anomal,2026-07-10 02:13:45.039435+05:30,90.0,-2.11,92.11,2
636,ml_anomal,2026-07-10 02:13:45.138208+05:30,90.0,-2.11,92.11,2
637,ml_anomal,2026-07-10 02:13:45.238627+05:30,90.0,-2.11,92.11,1
638,ml_anomal,2026-07-10 02:13:45.338266+05:30,90.0,-2.11,92.11,2
639,ml_anomal,2026-07-10 02:13:45.438392+05:30,90.0,-2.11,92.11,2
640,ml_anomal,2026-07-10 02:13:45.539376+05:30,90.0,-2.11,92.11,2
641,ml_anomal,2026-07-10 02:13:45.638179+05:30,90.0,-2.11,92.11,2
642,ml_anomal,2026-07-10 02:13:45.737871+05:30,90.0,-2.11,92.11,2
643,ml_anomal,2026-07-10 02:13:45.838204+05:30,90.0,-2.11,92.11,2
644,ml_anomal,2026-07-10 02:13:45.938791+05:30,90.0,-2.11,92.11,2
645,ml_anomal,2026-07-10 02:13:46.037308+05:30,90.0,-2.11,92.11,2
646,ml_anomal,2026-07-10 02:13:46.138733+05:30,90.0,-2.11,92.11,2
647,ml_anomal,2026-07-10 02:13:46.239935+05:30,90.0,-2.11,92.11,2
648,ml_anomal,2026-07-10 02:13:46.338428+05:30,90.0,-2.11,92.11,2
649,ml_anomal,2026-07-10 02:13:46.440242+05:30,90.0,-2.11,92.11,2
650,ml_anomal,2026-07-10 02:13:46.538898+05:30,90.0,-2.11,92.11,1
651,ml_anomal,2026-07-10 02:13:46.638013+05:30,90.0,-2.11,92.11,2
652,ml_anomal,2026-07-10 02:13:47.001590+05:30,90.0,-2.11,92.11,2
653,ml_anomal,2026-07-10 02:13:47.031328+05:30,90.0,-2.11,92.11,2
654,ml_anomal,2026-07-10 02:13:47.060141+05:30,90.0,-2.11,92.11,2
655,ml_anomal,2026-07-10 02:13:47.089675+05:30,90.0,-2.11,92.11,2
656,ml_anomal,2026-07-10 02:13:47.137110+05:30,90.0,-2.11,92.11,2
657,ml_anomal,2026-07-10 02:13:47.238041+05:30,90.0,-2.11,92.11,2
658,ml_anomal,2026-07-10 02:13:47.337101+05:30,90.0,-2.11,92.11,2
659,ml_anomal,2026-07-10 02:13:47.439208+05:30,90.0,-2.11,92.11,2
660,ml_anomal,2026-07-10 02:13:47.540175+05:30,90.0,-2.11,92.11,1
661,ml_anomal,2026-07-10 02:13:47.641093+05:30,90.0,-2.11,92.11,2
662,ml_anomal,2026-07-10 02:13:47.737961+05:30,90.0,-2.11,92.11,2
663,ml_anomal,2026-07-10 02:13:47.839659+05:30,90.0,-2.11,92.11,2
664,ml_anomal,2026-07-10 02:13:47.937997+05:30,90.0,-2.11,92.11,2
665,ml_anomal,2026-07-10 02:13:48.039595+05:30,90.0,-2.11,92.11,2
666,ml_anomal,2026-07-10 02:13:48.139046+05:30,90.0,-2.11,92.11,2
667,ml_anomal,2026-07-10 02:13:48.237573+05:30,90.0,-2.11,92.11,2
668,ml_anomal,2026-07-10 02:13:48.339720+05:30,90.0,-2.11,92.11,2
669,ml_anomal,2026-07-10 02:13:48.438397+05:30,90.0,-2.11,92.11,2
670,ml_anomal,2026-07-10 02:13:48.537071+05:30,90.0,-2.11,92.11,2
671,ml_anomal,2026-07-10 02:13:48.638793+05:30,90.0,-2.11,92.11,1
672,ml_anomal,2026-07-10 02:13:48.738050+05:30,90.0,-2.11,92.11,2
673,ml_anomal,2026-07-10 02:13:48.840161+05:30,0.0,0.0,0.0,0
674,ml_anomal,2026-07-10 02:13:48.938971+05:30,0.0,0.18,-0.18,0
675,ml_anomal,2026-07-10 02:13:49.039032+05:30,0.0,0.18,-0.18,0
676,ml_anomal,2026-07-10 02:13:49.139033+05:30,0.0,0.18,-0.18,0
677,ml_anomal,2026-07-10 02:13:49.239865+05:30,0.0,0.18,-0.18,0
678,ml_anomal,2026-07-10 02:13:49.338280+05:30,0.0,0.18,-0.18,0
679,ml_anomal,2026-07-10 02:13:49.437966+05:30,0.0,0.18,-0.18,0
680,ml_anomal,2026-07-10 02:13:49.536594+05:30,0.0,0.18,-0.18,0
681,ml_anomal,2026-07-10 02:13:49.638639+05:30,0.0,0.18,-0.18,0
682,ml_anomal,2026-07-10 02:13:49.738351+05:30,0.0,0.18,-0.18,0
683,ml_anomal,2026-07-10 02:13:49.837333+05:30,0.0,0.18,-0.18,0
684,ml_anomal,2026-07-10 02:13:49.938302+05:30,0.0,0.18,-0.18,0
685,ml_anomal,2026-07-10 02:13:50.039485+05:30,0.0,0.18,-0.18,0
686,ml_anomal,2026-07-10 02:13:50.137975+05:30,0.0,0.18,-0.18,0
687,ml_anomal,2026-07-10 02:13:50.238261+05:30,0.0,0.18,-0.18,0
688,ml_anomal,2026-07-10 02:13:50.337336+05:30,0.0,0.18,-0.18,0
689,ml_anomal,2026-07-10 02:13:50.439477+05:30,0.0,0.18,-0.18,0
690,ml_anomal,2026-07-10 02:13:50.538904+05:30,0.0,0.18,-0.18,0
691,ml_anomal,2026-07-10 02:13:50.637163+05:30,0.0,0.18,-0.18,0
692,ml_anomal,2026-07-10 02:13:50.739162+05:30,0.0,0.18,-0.18,0
693,ml_anomal,2026-07-10 02:13:50.839512+05:30,0.0,0.18,-0.18,0
694,ml_anomal,2026-07-10 02:13:50.938047+05:30,0.0,0.18,-0.18,0
695,ml_anomal,2026-07-10 02:13:51.038925+05:30,0.0,0.18,-0.18,0
696,ml_anomal,2026-07-10 02:13:51.138634+05:30,0.0,0.18,-0.18,0
697,ml_anomal,2026-07-10 02:13:51.239799+05:30,0.0,0.18,-0.18,0
698,ml_anomal,2026-07-10 02:13:51.337574+05:30,0.0,0.18,-0.18,0
699,ml_anomal,2026-07-10 02:13:51.438925+05:30,0.0,0.18,-0.18,0
700,ml_anomal,2026-07-10 02:13:51.538255+05:30,0.0,0.18,-0.18,0
701,ml_anomal,2026-07-10 02:13:51.636436+05:30,0.0,0.18,-0.18,0
702,ml_anomal,2026-07-10 02:13:51.739400+05:30,0.0,0.18,-0.18,0
703,ml_anomal,2026-07-10 02:13:51.839151+05:30,0.0,0.18,-0.18,0
704,ml_anomal,2026-07-10 02:13:51.939746+05:30,0.0,0.18,-0.18,0
705,ml_anomal,2026-07-10 02:13:52.039488+05:30,0.0,0.18,-0.18,0
706,ml_anomal,2026-07-10 02:13:52.139295+05:30,0.0,0.18,-0.18,0
707,ml_anomal,2026-07-10 02:13:52.237094+05:30,0.0,0.18,-0.18,0
708,ml_anomal,2026-07-10 02:13:52.338294+05:30,0.0,0.18,-0.18,0
709,ml_anomal,2026-07-10 02:13:52.438663+05:30,0.0,0.18,-0.18,0
710,ml_anomal,2026-07-10 02:13:52.537318+05:30,0.0,0.18,-0.18,0
711,ml_anomal,2026-07-10 02:13:52.638728+05:30,0.0,0.18,-0.18,0
712,ml_anomal,2026-07-10 02:13:52.737490+05:30,0.0,0.18,-0.18,0
713,ml_anomal,2026-07-10 02:13:52.837880+05:30,0.0,0.18,-0.18,0
714,ml_anomal,2026-07-10 02:13:52.939525+05:30,0.0,0.18,-0.18,0
715,ml_anomal,2026-07-10 02:13:53.038149+05:30,0.0,0.18,-0.18,0
716,ml_anomal,2026-07-10 02:13:53.138026+05:30,0.0,0.18,-0.18,0
717,ml_anomal,2026-07-10 02:13:53.237082+05:30,0.0,0.18,-0.18,0
718,ml_anomal,2026-07-10 02:13:53.338666+05:30,0.0,0.18,-0.18,0
719,ml_anomal,2026-07-10 02:13:53.439219+05:30,0.0,0.18,-0.18,0
720,ml_anomal,2026-07-10 02:13:53.539854+05:30,0.0,0.18,-0.18,0
721,ml_anomal,2026-07-10 02:13:53.638183+05:30,0.0,0.18,-0.18,0
722,ml_anomal,2026-07-10 02:13:53.738335+05:30,0.0,0.18,-0.18,0
723,ml_anomal,2026-07-10 02:13:53.838367+05:30,0.0,0.18,-0.18,0
724,ml_anomal,2026-07-10 02:13:53.937127+05:30,0.0,0.18,-0.18,0
725,ml_anomal,2026-07-10 02:13:54.038199+05:30,0.0,0.18,-0.18,0
726,ml_anomal,2026-07-10 02:13:54.137414+05:30,0.0,0.18,-0.18,0
727,ml_anomal,2026-07-10 02:13:54.239150+05:30,0.0,0.18,-0.18,0
728,ml_anomal,2026-07-10 02:13:54.339941+05:30,0.0,0.18,-0.18,0
729,ml_anomal,2026-07-10 02:13:54.438598+05:30,0.0,0.18,-0.18,0
730,ml_anomal,2026-07-10 02:13:54.537713+05:30,0.0,0.18,-0.18,0
731,ml_anomal,2026-07-10 02:13:54.639197+05:30,0.0,0.18,-0.18,0
732,ml_anomal,2026-07-10 02:13:54.739219+05:30,0.0,0.18,-0.18,0
733,ml_anomal,2026-07-10 02:13:54.838711+05:30,0.0,0.18,-0.18,0
734,ml_anomal,2026-07-10 02:13:54.937183+05:30,0.0,0.18,-0.18,0
735,ml_anomal,2026-07-10 02:13:55.037022+05:30,0.0,0.18,-0.18,0
736,ml_anomal,2026-07-10 02:13:55.137675+05:30,0.0,0.18,-0.18,0
737,ml_anomal,2026-07-10 02:13:55.239348+05:30,0.0,0.18,-0.18,0
738,ml_anomal,2026-07-10 02:13:55.337969+05:30,0.0,0.18,-0.18,0
739,ml_anomal,2026-07-10 02:13:55.438051+05:30,0.0,0.18,-0.18,0
740,ml_anomal,2026-07-10 02:13:55.538308+05:30,0.0,0.18,-0.18,0
741,ml_anomal,2026-07-10 02:13:55.637583+05:30,0.0,0.18,-0.18,0
742,ml_anomal,2026-07-10 02:13:55.737152+05:30,0.0,0.18,-0.18,0
743,ml_anomal,2026-07-10 02:13:55.838029+05:30,0.0,0.18,-0.18,0
744,ml_anomal,2026-07-10 02:13:55.940349+05:30,0.0,0.18,-0.18,0
745,ml_anomal,2026-07-10 02:13:56.037418+05:30,0.0,0.18,-0.18,0
746,ml_anomal,2026-07-10 02:13:56.137918+05:30,0.0,0.18,-0.18,0
747,ml_anomal,2026-07-10 02:13:56.237470+05:30,0.0,0.18,-0.18,0
748,ml_anomal,2026-07-10 02:13:56.338948+05:30,0.0,0.18,-0.18,0
749,ml_anomal,2026-07-10 02:13:56.436845+05:30,0.0,0.18,-0.18,0
750,ml_anomal,2026-07-10 02:13:56.537172+05:30,0.0,0.18,-0.18,0
751,ml_anomal,2026-07-10 02:13:56.637908+05:30,0.0,0.18,-0.18,0
752,ml_anomal,2026-07-10 02:13:56.738004+05:30,0.0,0.18,-0.18,0
753,ml_anomal,2026-07-10 02:13:56.837308+05:30,0.0,0.18,-0.18,0
754,ml_anomal,2026-07-10 02:13:56.938780+05:30,0.0,0.18,-0.18,0
755,ml_anomal,2026-07-10 02:13:57.044204+05:30,0.0,0.18,-0.18,0
756,ml_anomal,2026-07-10 02:13:57.138886+05:30,0.0,0.18,-0.18,0
757,ml_anomal,2026-07-10 02:13:57.241511+05:30,0.0,0.18,-0.18,0
758,ml_anomal,2026-07-10 02:13:57.340200+05:30,0.0,0.18,-0.18,0
759,ml_anomal,2026-07-10 02:13:57.438425+05:30,0.0,0.18,-0.18,0
760,ml_anomal,2026-07-10 02:13:57.539629+05:30,0.0,0.18,-0.18,0
761,ml_anomal,2026-07-10 02:13:57.639882+05:30,0.0,0.18,-0.18,0
762,ml_anomal,2026-07-10 02:13:57.738064+05:30,0.0,0.18,-0.18,0
763,ml_anomal,2026-07-10 02:13:57.838165+05:30,0.0,0.18,-0.18,0
764,ml_anomal,2026-07-10 02:13:57.939597+05:30,0.0,0.18,-0.18,0
765,ml_anomal,2026-07-10 02:13:58.040738+05:30,0.0,0.18,-0.18,0
766,ml_anomal,2026-07-10 02:13:58.141783+05:30,0.0,0.18,-0.18,0
767,ml_anomal,2026-07-10 02:13:58.239478+05:30,0.0,0.18,-0.18,0
768,ml_anomal,2026-07-10 02:13:58.340034+05:30,0.0,0.18,-0.18,0
769,ml_anomal,2026-07-10 02:13:58.438090+05:30,0.0,0.18,-0.18,0
770,ml_anomal,2026-07-10 02:13:58.539704+05:30,0.0,0.18,-0.18,0
771,ml_anomal,2026-07-10 02:13:58.638745+05:30,0.0,0.18,-0.18,0
772,ml_anomal,2026-07-10 02:13:58.738106+05:30,0.0,0.18,-0.18,0
773,ml_anomal,2026-07-10 02:13:58.836988+05:30,0.0,0.18,-0.18,0
774,ml_anomal,2026-07-10 02:13:58.937628+05:30,0.0,0.18,-0.18,0
775,ml_anomal,2026-07-10 02:13:59.038321+05:30,0.0,0.18,-0.18,0
776,ml_anomal,2026-07-10 02:13:59.139277+05:30,0.0,0.18,-0.18,0
777,ml_anomal,2026-07-10 02:13:59.238616+05:30,0.0,0.18,-0.18,0
778,ml_anomal,2026-07-10 02:13:59.338614+05:30,0.0,0.18,-0.18,0
779,ml_anomal,2026-07-10 02:13:59.437880+05:30,0.0,0.18,-0.18,0
780,ml_anomal,2026-07-10 02:13:59.537280+05:30,0.0,0.18,-0.18,0
781,ml_anomal,2026-07-10 02:13:59.637774+05:30,0.0,0.18,-0.18,0
782,ml_anomal,2026-07-10 02:13:59.738619+05:30,0.0,0.18,-0.18,0
783,ml_anomal,2026-07-10 02:13:59.837309+05:30,0.0,0.18,-0.18,0
784,ml_anomal,2026-07-10 02:13:59.941001+05:30,0.0,0.18,-0.18,0
785,ml_anomal,2026-07-10 02:14:00.038354+05:30,0.0,0.18,-0.18,0
786,ml_anomal,2026-07-10 02:14:00.139063+05:30,0.0,0.18,-0.18,0
787,ml_anomal,2026-07-10 02:14:00.238137+05:30,0.0,0.18,-0.18,0
788,ml_anomal,2026-07-10 02:14:00.338596+05:30,0.0,0.18,-0.18,0
789,ml_anomal,2026-07-10 02:14:00.438637+05:30,0.0,0.18,-0.18,0
790,ml_anomal,2026-07-10 02:14:00.539260+05:30,0.0,0.18,-0.18,0
791,ml_anomal,2026-07-10 02:14:00.640138+05:30,0.0,0.18,-0.18,0
792,ml_anomal,2026-07-10 02:14:00.738715+05:30,0.0,0.18,-0.18,0
793,ml_anomal,2026-07-10 02:14:00.837691+05:30,0.0,0.18,-0.18,0
794,ml_anomal,2026-07-10 02:14:00.937968+05:30,0.0,0.18,-0.18,0
795,ml_anomal,2026-07-10 02:14:01.040385+05:30,0.0,0.18,-0.18,0
796,ml_anomal,2026-07-10 02:14:01.137498+05:30,0.0,0.18,-0.18,0
797,ml_anomal,2026-07-10 02:14:01.242135+05:30,0.0,0.18,-0.18,0
798,ml_anomal,2026-07-10 02:14:01.338375+05:30,0.0,0.18,-0.18,0
799,ml_anomal,2026-07-10 02:14:01.438148+05:30,0.0,0.18,-0.18,0
800,ml_anomal,2026-07-10 02:14:01.537976+05:30,0.0,0.18,-0.18,0
801,ml_anomal,2026-07-10 02:14:01.639281+05:30,0.0,0.18,-0.18,0
802,ml_anomal,2026-07-10 02:14:01.737981+05:30,0.0,0.18,-0.18,0
803,ml_anomal,2026-07-10 02:14:01.837109+05:30,0.0,0.18,-0.18,0
804,ml_anomal,2026-07-10 02:14:01.938403+05:30,0.0,0.18,-0.18,0
805,ml_anomal,2026-07-10 02:14:02.039237+05:30,0.0,0.18,-0.18,0
806,ml_anomal,2026-07-10 02:14:02.139492+05:30,0.0,0.18,-0.18,0
807,ml_anomal,2026-07-10 02:14:02.237791+05:30,0.0,0.18,-0.18,0
808,ml_anomal,2026-07-10 02:14:02.338430+05:30,0.0,0.18,-0.18,0
809,ml_anomal,2026-07-10 02:14:02.438668+05:30,0.0,0.18,-0.18,0
810,ml_anomal,2026-07-10 02:14:02.539249+05:30,0.0,0.18,-0.18,0
811,ml_anomal,2026-07-10 02:14:02.638270+05:30,0.0,0.18,-0.18,0
812,ml_anomal,2026-07-10 02:14:02.738233+05:30,0.0,0.18,-0.18,0
813,ml_anomal,2026-07-10 02:14:02.837948+05:30,0.0,0.18,-0.18,0
814,ml_anomal,2026-07-10 02:14:02.941413+05:30,0.0,0.18,-0.18,0
815,ml_anomal,2026-07-10 02:14:03.038202+05:30,0.0,0.18,-0.18,0
816,ml_anomal,2026-07-10 02:14:03.139038+05:30,0.0,0.18,-0.18,0
817,ml_anomal,2026-07-10 02:14:03.238733+05:30,0.0,0.18,-0.18,0
818,ml_anomal,2026-07-10 02:14:03.338123+05:30,0.0,0.18,-0.18,0
819,ml_anomal,2026-07-10 02:14:03.437700+05:30,0.0,0.18,-0.18,0
820,ml_anomal,2026-07-10 02:14:03.539568+05:30,0.0,0.18,-0.18,0
821,ml_anomal,2026-07-10 02:14:03.639767+05:30,0.0,0.18,-0.18,0
822,ml_anomal,2026-07-10 02:14:03.738302+05:30,0.0,0.18,-0.18,0
823,ml_anomal,2026-07-10 02:14:03.838821+05:30,0.0,0.18,-0.18,0
824,ml_anomal,2026-07-10 02:14:03.939817+05:30,0.0,0.18,-0.18,0
825,ml_anomal,2026-07-10 02:14:04.039783+05:30,0.0,0.18,-0.18,0
826,ml_anomal,2026-07-10 02:14:04.138278+05:30,0.0,0.18,-0.18,0
827,ml_anomal,2026-07-10 02:14:04.239854+05:30,0.0,0.18,-0.18,0
828,ml_anomal,2026-07-10 02:14:04.339004+05:30,0.0,0.18,-0.18,0
829,ml_anomal,2026-07-10 02:14:04.438219+05:30,0.0,0.18,-0.18,0
830,ml_anomal,2026-07-10 02:14:04.536279+05:30,0.0,0.18,-0.18,0
831,ml_anomal,2026-07-10 02:14:04.637692+05:30,0.0,0.18,-0.18,0
832,ml_anomal,2026-07-10 02:14:04.736890+05:30,0.0,0.18,-0.18,0
833,ml_anomal,2026-07-10 02:14:04.838358+05:30,0.0,0.18,-0.18,0
834,ml_anomal,2026-07-10 02:14:04.938470+05:30,0.0,0.18,-0.18,0
835,ml_anomal,2026-07-10 02:14:05.040689+05:30,0.0,0.18,-0.18,0
836,ml_anomal,2026-07-10 02:14:05.138020+05:30,0.0,0.18,-0.18,0
837,ml_anomal,2026-07-10 02:14:05.237501+05:30,0.0,0.18,-0.18,0
838,ml_anomal,2026-07-10 02:14:05.337984+05:30,0.0,0.18,-0.18,0
839,ml_anomal,2026-07-10 02:14:05.436511+05:30,0.0,0.18,-0.18,0
840,ml_anomal,2026-07-10 02:14:05.539076+05:30,0.0,0.18,-0.18,0
841,ml_anomal,2026-07-10 02:14:05.637987+05:30,0.0,0.18,-0.18,0
842,ml_anomal,2026-07-10 02:14:05.741122+05:30,0.0,0.18,-0.18,0
843,ml_anomal,2026-07-10 02:14:05.837236+05:30,0.0,0.18,-0.18,0
844,ml_anomal,2026-07-10 02:14:05.936908+05:30,0.0,0.18,-0.18,0
845,ml_anomal,2026-07-10 02:14:06.037709+05:30,0.0,0.18,-0.18,0
846,ml_anomal,2026-07-10 02:14:06.138009+05:30,0.0,0.18,-0.18,0
847,ml_anomal,2026-07-10 02:14:06.238545+05:30,0.0,0.18,-0.18,0
848,ml_anomal,2026-07-10 02:14:06.338022+05:30,0.0,0.18,-0.18,0
849,ml_anomal,2026-07-10 02:14:06.438757+05:30,50.0,0.18,49.82,2
850,ml_anomal,2026-07-10 02:14:06.538763+05:30,50.0,0.18,49.82,2
851,ml_anomal,2026-07-10 02:14:06.637830+05:30,50.0,0.18,49.82,2
852,ml_anomal,2026-07-10 02:14:06.738959+05:30,50.0,0.18,49.82,2
853,ml_anomal,2026-07-10 02:14:06.840762+05:30,50.0,0.18,49.82,2
854,ml_anomal,2026-07-10 02:14:06.938205+05:30,50.0,0.18,49.82,2
855,ml_anomal,2026-07-10 02:14:07.037758+05:30,50.0,0.18,49.82,2
856,ml_anomal,2026-07-10 02:14:07.139175+05:30,50.0,0.18,49.82,2
857,ml_anomal,2026-07-10 02:14:07.239703+05:30,50.0,0.18,49.82,1
858,ml_anomal,2026-07-10 02:14:07.337690+05:30,50.0,0.18,49.82,2
859,ml_anomal,2026-07-10 02:14:07.441360+05:30,50.0,0.18,49.82,2
860,ml_anomal,2026-07-10 02:14:07.537360+05:30,50.0,0.18,49.82,2
861,ml_anomal,2026-07-10 02:14:07.638093+05:30,50.0,0.18,49.82,2
862,ml_anomal,2026-07-10 02:14:07.739628+05:30,50.0,0.18,49.82,2
863,ml_anomal,2026-07-10 02:14:07.839330+05:30,50.0,0.18,49.82,2
864,ml_anomal,2026-07-10 02:14:07.937944+05:30,50.0,0.18,49.82,2
865,ml_anomal,2026-07-10 02:14:08.041983+05:30,50.0,0.18,49.82,2
866,ml_anomal,2026-07-10 02:14:08.139567+05:30,50.0,0.18,49.82,2
867,ml_anomal,2026-07-10 02:14:08.239532+05:30,50.0,0.18,49.82,2
868,ml_anomal,2026-07-10 02:14:08.339847+05:30,50.0,0.18,49.82,2
869,ml_anomal,2026-07-10 02:14:08.438926+05:30,50.0,0.18,49.82,1
870,ml_anomal,2026-07-10 02:14:08.539343+05:30,50.0,0.18,49.82,2
871,ml_anomal,2026-07-10 02:14:08.638885+05:30,50.0,0.18,49.82,2
872,ml_anomal,2026-07-10 02:14:08.738532+05:30,50.0,0.18,49.82,2
873,ml_anomal,2026-07-10 02:14:08.845861+05:30,50.0,0.18,49.82,2
874,ml_anomal,2026-07-10 02:14:08.940109+05:30,50.0,0.18,49.82,2
875,ml_anomal,2026-07-10 02:14:09.039323+05:30,50.0,0.18,49.82,2
876,ml_anomal,2026-07-10 02:14:09.139473+05:30,50.0,0.18,49.82,2
877,ml_anomal,2026-07-10 02:14:09.240758+05:30,50.0,0.18,49.82,2
878,ml_anomal,2026-07-10 02:14:09.337777+05:30,50.0,0.18,49.82,2
879,ml_anomal,2026-07-10 02:14:09.440007+05:30,50.0,0.18,49.82,2
880,ml_anomal,2026-07-10 02:14:09.538765+05:30,50.0,0.18,49.82,1
881,ml_anomal,2026-07-10 02:14:09.636714+05:30,50.0,0.18,49.82,2
882,ml_anomal,2026-07-10 02:14:09.737972+05:30,50.0,0.18,49.82,2
883,ml_anomal,2026-07-10 02:14:09.839127+05:30,50.0,0.18,49.82,2
884,ml_anomal,2026-07-10 02:14:09.939229+05:30,50.0,0.18,49.82,2
885,ml_anomal,2026-07-10 02:14:10.040389+05:30,50.0,0.18,49.82,2
886,ml_anomal,2026-07-10 02:14:10.138517+05:30,50.0,0.18,49.82,2
887,ml_anomal,2026-07-10 02:14:10.238736+05:30,50.0,0.18,49.82,2
888,ml_anomal,2026-07-10 02:14:10.337695+05:30,50.0,0.18,49.82,2
889,ml_anomal,2026-07-10 02:14:10.437594+05:30,50.0,0.18,49.82,2
890,ml_anomal,2026-07-10 02:14:10.537744+05:30,50.0,0.18,49.82,2
891,ml_anomal,2026-07-10 02:14:10.638699+05:30,50.0,0.18,49.82,1
892,ml_anomal,2026-07-10 02:14:10.736631+05:30,50.0,0.18,49.82,2
893,ml_anomal,2026-07-10 02:14:10.838792+05:30,50.0,0.18,49.82,2
894,ml_anomal,2026-07-10 02:14:10.938179+05:30,50.0,0.18,49.82,2
895,ml_anomal,2026-07-10 02:14:11.039470+05:30,50.0,0.18,49.82,2
896,ml_anomal,2026-07-10 02:14:11.138247+05:30,50.0,0.18,49.82,2
897,ml_anomal,2026-07-10 02:14:11.237306+05:30,50.0,0.18,49.82,2
898,ml_anomal,2026-07-10 02:14:11.337678+05:30,50.0,0.18,49.82,2
899,ml_anomal,2026-07-10 02:14:11.438517+05:30,50.0,0.18,49.82,2
900,ml_anomal,2026-07-10 02:14:11.537606+05:30,50.0,0.18,49.82,1
901,ml_anomal,2026-07-10 02:14:11.639562+05:30,50.0,0.18,49.82,2
902,ml_anomal,2026-07-10 02:14:11.739358+05:30,50.0,0.18,49.82,2
903,ml_anomal,2026-07-10 02:14:11.841743+05:30,50.0,0.18,49.82,2
904,ml_anomal,2026-07-10 02:14:11.938064+05:30,50.0,0.18,49.82,2
905,ml_anomal,2026-07-10 02:14:12.038307+05:30,50.0,0.18,49.82,2
906,ml_anomal,2026-07-10 02:14:12.138713+05:30,50.0,0.18,49.82,2
907,ml_anomal,2026-07-10 02:14:12.239687+05:30,50.0,0.18,49.82,2
908,ml_anomal,2026-07-10 02:14:12.339376+05:30,50.0,0.18,49.82,2
909,ml_anomal,2026-07-10 02:14:12.439700+05:30,50.0,0.18,49.82,1
910,ml_anomal,2026-07-10 02:14:12.539745+05:30,50.0,0.18,49.82,2
911,ml_anomal,2026-07-10 02:14:12.638980+05:30,50.0,0.18,49.82,2
912,ml_anomal,2026-07-10 02:14:12.737929+05:30,50.0,0.18,49.82,2
913,ml_anomal,2026-07-10 02:14:12.837044+05:30,50.0,0.18,49.82,2
914,ml_anomal,2026-07-10 02:14:12.938650+05:30,50.0,0.18,49.82,2
915,ml_anomal,2026-07-10 02:14:13.036917+05:30,50.0,0.18,49.82,2
916,ml_anomal,2026-07-10 02:14:13.138178+05:30,50.0,0.18,49.82,2
917,ml_anomal,2026-07-10 02:14:13.238130+05:30,50.0,0.18,49.82,2
918,ml_anomal,2026-07-10 02:14:13.338482+05:30,50.0,0.18,49.82,1
919,ml_anomal,2026-07-10 02:14:13.438641+05:30,50.0,0.18,49.82,2
920,ml_anomal,2026-07-10 02:14:13.538463+05:30,50.0,0.18,49.82,2
921,ml_anomal,2026-07-10 02:14:13.638976+05:30,50.0,0.18,49.82,2
922,ml_anomal,2026-07-10 02:14:13.738516+05:30,50.0,0.18,49.82,2
923,ml_anomal,2026-07-10 02:14:13.838768+05:30,50.0,0.18,49.82,2
924,ml_anomal,2026-07-10 02:14:13.937426+05:30,0.0,0.0,0.0,0
925,ml_anomal,2026-07-10 02:14:14.037619+05:30,0.0,0.0,0.0,0
926,ml_anomal,2026-07-10 02:14:14.139011+05:30,0.0,0.0,0.0,0
927,ml_anomal,2026-07-10 02:14:14.239314+05:30,0.0,0.0,0.0,0
928,ml_anomal,2026-07-10 02:14:14.338816+05:30,0.0,0.0,0.0,0
929,ml_anomal,2026-07-10 02:14:14.438633+05:30,0.0,0.0,0.0,0
930,ml_anomal,2026-07-10 02:14:14.537725+05:30,0.0,0.0,0.0,0
931,ml_anomal,2026-07-10 02:14:14.637790+05:30,0.0,0.0,0.0,0
932,ml_anomal,2026-07-10 02:14:14.740148+05:30,0.0,0.0,0.0,0
933,ml_anomal,2026-07-10 02:14:14.838248+05:30,0.0,0.0,0.0,0
934,ml_anomal,2026-07-10 02:14:14.938049+05:30,0.0,0.0,0.0,0
935,ml_anomal,2026-07-10 02:14:15.037120+05:30,0.0,0.0,0.0,0
936,ml_anomal,2026-07-10 02:14:15.139088+05:30,0.0,0.0,0.0,0
937,ml_anomal,2026-07-10 02:14:15.237015+05:30,0.0,0.0,0.0,0
938,ml_anomal,2026-07-10 02:14:15.339011+05:30,0.0,0.0,0.0,0
939,ml_anomal,2026-07-10 02:14:15.438389+05:30,0.0,0.0,0.0,0
940,ml_anomal,2026-07-10 02:14:15.538895+05:30,0.0,0.0,0.0,0
941,ml_anomal,2026-07-10 02:14:15.637746+05:30,0.0,0.0,0.0,0
942,ml_anomal,2026-07-10 02:14:15.737956+05:30,0.0,0.0,0.0,0
943,ml_anomal,2026-07-10 02:14:15.837796+05:30,0.0,0.0,0.0,0
944,ml_anomal,2026-07-10 02:14:15.936975+05:30,0.0,0.0,0.0,0
945,ml_anomal,2026-07-10 02:14:16.037750+05:30,0.0,0.0,0.0,0
946,ml_anomal,2026-07-10 02:14:16.137344+05:30,0.0,0.0,0.0,0
947,ml_anomal,2026-07-10 02:14:16.240167+05:30,0.0,0.0,0.0,0
948,ml_anomal,2026-07-10 02:14:16.338673+05:30,0.0,0.0,0.0,0
949,ml_anomal,2026-07-10 02:14:16.438416+05:30,0.0,0.0,0.0,0
950,ml_anomal,2026-07-10 02:14:16.538701+05:30,0.0,0.0,0.0,0
951,ml_anomal,2026-07-10 02:14:16.636869+05:30,0.0,0.0,0.0,0
952,ml_anomal,2026-07-10 02:14:16.737400+05:30,0.0,0.0,0.0,0
953,ml_anomal,2026-07-10 02:14:16.838428+05:30,0.0,0.0,0.0,0
954,ml_anomal,2026-07-10 02:14:16.937584+05:30,0.0,0.0,0.0,0
955,ml_anomal,2026-07-10 02:14:17.037487+05:30,0.0,0.0,0.0,0
956,ml_anomal,2026-07-10 02:14:17.137175+05:30,0.0,0.0,0.0,0
957,ml_anomal,2026-07-10 02:14:17.237925+05:30,0.0,0.0,0.0,0
958,ml_anomal,2026-07-10 02:14:17.338604+05:30,0.0,0.0,0.0,0
959,ml_anomal,2026-07-10 02:14:17.438535+05:30,0.0,0.0,0.0,0
960,ml_anomal,2026-07-10 02:14:17.538182+05:30,0.0,0.0,0.0,0
961,ml_anomal,2026-07-10 02:14:17.639699+05:30,0.0,0.0,0.0,0
962,ml_anomal,2026-07-10 02:14:17.737757+05:30,0.0,0.0,0.0,0
963,ml_anomal,2026-07-10 02:14:17.837890+05:30,0.0,0.0,0.0,0
964,ml_anomal,2026-07-10 02:14:17.937408+05:30,0.0,0.0,0.0,0
965,ml_anomal,2026-07-10 02:14:18.036876+05:30,0.0,0.0,0.0,0
966,ml_anomal,2026-07-10 02:14:18.138048+05:30,0.0,0.0,0.0,0
967,ml_anomal,2026-07-10 02:14:18.237063+05:30,0.0,0.0,0.0,0
968,ml_anomal,2026-07-10 02:14:18.337057+05:30,0.0,0.0,0.0,0
969,ml_anomal,2026-07-10 02:14:18.438771+05:30,0.0,0.0,0.0,0
970,ml_anomal,2026-07-10 02:14:18.538217+05:30,0.0,0.0,0.0,0
971,ml_anomal,2026-07-10 02:14:18.637880+05:30,0.0,0.0,0.0,0
972,ml_anomal,2026-07-10 02:14:18.739313+05:30,0.0,0.0,0.0,0
973,ml_anomal,2026-07-10 02:14:18.840158+05:30,0.0,0.0,0.0,0
974,ml_anomal,2026-07-10 02:14:18.938136+05:30,0.0,0.0,0.0,0
975,ml_anomal,2026-07-10 02:14:19.037708+05:30,0.0,0.0,0.0,0
976,ml_anomal,2026-07-10 02:14:19.136901+05:30,0.0,0.0,0.0,0
977,ml_anomal,2026-07-10 02:14:19.238114+05:30,0.0,0.0,0.0,0
978,ml_anomal,2026-07-10 02:14:19.339364+05:30,0.0,0.0,0.0,0
979,ml_anomal,2026-07-10 02:14:19.439722+05:30,0.0,0.0,0.0,0
980,ml_anomal,2026-07-10 02:14:19.539407+05:30,0.0,0.0,0.0,0
981,ml_anomal,2026-07-10 02:14:19.637928+05:30,0.0,0.0,0.0,0
982,ml_anomal,2026-07-10 02:14:19.737222+05:30,0.0,0.0,0.0,0
983,ml_anomal,2026-07-10 02:14:19.838995+05:30,0.0,0.0,0.0,0
984,ml_anomal,2026-07-10 02:14:19.936876+05:30,0.0,0.0,0.0,0
985,ml_anomal,2026-07-10 02:14:20.040323+05:30,-50.0,0.0,-50.0,2
986,ml_anomal,2026-07-10 02:14:20.138831+05:30,-50.0,0.0,-50.0,2
987,ml_anomal,2026-07-10 02:14:20.238234+05:30,-50.0,0.0,-50.0,2
988,ml_anomal,2026-07-10 02:14:20.339296+05:30,-50.0,0.0,-50.0,2
989,ml_anomal,2026-07-10 02:14:20.440517+05:30,-50.0,0.0,-50.0,2
990,ml_anomal,2026-07-10 02:14:20.537932+05:30,-50.0,0.0,-50.0,2
991,ml_anomal,2026-07-10 02:14:20.638006+05:30,-50.0,0.0,-50.0,2
992,ml_anomal,2026-07-10 02:14:20.737395+05:30,-50.0,0.0,-50.0,2
993,ml_anomal,2026-07-10 02:14:20.838052+05:30,-50.0,0.0,-50.0,1
994,ml_anomal,2026-07-10 02:14:20.939263+05:30,-50.0,0.0,-50.0,2
995,ml_anomal,2026-07-10 02:14:21.040297+05:30,-50.0,-0.18,-49.82,2
996,ml_anomal,2026-07-10 02:14:21.138769+05:30,-50.0,-0.18,-49.82,2
997,ml_anomal,2026-07-10 02:14:21.238402+05:30,-50.0,-0.35,-49.65,2
998,ml_anomal,2026-07-10 02:14:21.337864+05:30,-50.0,-0.53,-49.47,2
999,ml_anomal,2026-07-10 02:14:21.438435+05:30,-50.0,-0.53,-49.47,2
1000,ml_anomal,2026-07-10 02:14:21.539061+05:30,-50.0,-0.53,-49.47,2
1001,ml_anomal,2026-07-10 02:14:21.638685+05:30,-50.0,-0.53,-49.47,2
1002,ml_anomal,2026-07-10 02:14:21.737642+05:30,-50.0,-0.53,-49.47,1
1003,ml_anomal,2026-07-10 02:14:21.838100+05:30,-50.0,-0.53,-49.47,2
1004,ml_anomal,2026-07-10 02:14:21.939044+05:30,-50.0,-0.53,-49.47,2
1005,ml_anomal,2026-07-10 02:14:22.038024+05:30,-50.0,-0.53,-49.47,2
1006,ml_anomal,2026-07-10 02:14:22.137090+05:30,-50.0,-0.53,-49.47,2
1007,ml_anomal,2026-07-10 02:14:22.237649+05:30,-50.0,-0.53,-49.47,2
1008,ml_anomal,2026-07-10 02:14:22.338405+05:30,-50.0,-0.7,-49.3,2
1009,ml_anomal,2026-07-10 02:14:22.437538+05:30,-50.0,-0.7,-49.3,2
1010,ml_anomal,2026-07-10 02:14:22.538387+05:30,-50.0,-0.7,-49.3,2
1011,ml_anomal,2026-07-10 02:14:22.638727+05:30,-50.0,-0.7,-49.3,1
1012,ml_anomal,2026-07-10 02:14:22.736975+05:30,-50.0,-0.7,-49.3,2
1013,ml_anomal,2026-07-10 02:14:22.837689+05:30,-50.0,-0.7,-49.3,2
1014,ml_anomal,2026-07-10 02:14:22.939041+05:30,-50.0,-0.7,-49.3,2
1015,ml_anomal,2026-07-10 02:14:23.039342+05:30,-50.0,-0.7,-49.3,2
1016,ml_anomal,2026-07-10 02:14:23.140013+05:30,-50.0,-0.7,-49.3,2
1017,ml_anomal,2026-07-10 02:14:23.238866+05:30,-50.0,-0.7,-49.3,2
1018,ml_anomal,2026-07-10 02:14:23.338986+05:30,-50.0,-0.7,-49.3,2
1019,ml_anomal,2026-07-10 02:14:23.439822+05:30,-50.0,-0.7,-49.3,2
1020,ml_anomal,2026-07-10 02:14:23.537825+05:30,-50.0,-0.7,-49.3,1
1021,ml_anomal,2026-07-10 02:14:23.638418+05:30,-50.0,-0.7,-49.3,2
1022,ml_anomal,2026-07-10 02:14:23.737379+05:30,-50.0,-0.7,-49.3,2
1023,ml_anomal,2026-07-10 02:14:23.838965+05:30,-50.0,-0.88,-49.12,2
1024,ml_anomal,2026-07-10 02:14:23.937768+05:30,-50.0,-0.88,-49.12,2
1025,ml_anomal,2026-07-10 02:14:24.037907+05:30,-50.0,-0.88,-49.12,2
1026,ml_anomal,2026-07-10 02:14:24.140451+05:30,-50.0,-0.88,-49.12,2
1027,ml_anomal,2026-07-10 02:14:24.238629+05:30,-50.0,-0.88,-49.12,2
1028,ml_anomal,2026-07-10 02:14:24.337535+05:30,-50.0,-0.88,-49.12,2
1029,ml_anomal,2026-07-10 02:14:24.437940+05:30,-50.0,-0.88,-49.12,1
1030,ml_anomal,2026-07-10 02:14:24.537717+05:30,-50.0,-1.05,-48.95,2
1031,ml_anomal,2026-07-10 02:14:24.638536+05:30,-50.0,-1.05,-48.95,2
1032,ml_anomal,2026-07-10 02:14:24.738490+05:30,-50.0,-1.05,-48.95,2
1033,ml_anomal,2026-07-10 02:14:24.838921+05:30,-50.0,-1.05,-48.95,2
1034,ml_anomal,2026-07-10 02:14:24.938900+05:30,-50.0,-1.05,-48.95,2
1035,ml_anomal,2026-07-10 02:14:25.037447+05:30,-50.0,-1.23,-48.77,2
1036,ml_anomal,2026-07-10 02:14:25.138325+05:30,-50.0,-1.23,-48.77,2
1037,ml_anomal,2026-07-10 02:14:25.237622+05:30,-50.0,-1.23,-48.77,2
1038,ml_anomal,2026-07-10 02:14:25.338501+05:30,-50.0,-1.23,-48.77,1
1039,ml_anomal,2026-07-10 02:14:25.439218+05:30,-50.0,-1.41,-48.59,2
1040,ml_anomal,2026-07-10 02:14:25.538013+05:30,-50.0,-1.58,-48.42,2
1041,ml_anomal,2026-07-10 02:14:25.639138+05:30,-50.0,-2.11,-47.89,2
1042,ml_anomal,2026-07-10 02:14:25.737277+05:30,-50.0,-2.46,-47.54,2
1043,ml_anomal,2026-07-10 02:14:25.841058+05:30,-50.0,-2.81,-47.19,2
1044,ml_anomal,2026-07-10 02:14:25.938887+05:30,-50.0,-3.34,-46.66,2
1045,ml_anomal,2026-07-10 02:14:26.039754+05:30,-50.0,-3.69,-46.31,2
1046,ml_anomal,2026-07-10 02:14:26.138263+05:30,-50.0,-4.22,-45.78,2
1047,ml_anomal,2026-07-10 02:14:26.237293+05:30,-50.0,-4.57,-45.43,1
1048,ml_anomal,2026-07-10 02:14:26.337898+05:30,-50.0,-4.92,-45.08,2
1049,ml_anomal,2026-07-10 02:14:26.438944+05:30,-50.0,-5.27,-44.73,2
1050,ml_anomal,2026-07-10 02:14:26.538760+05:30,-50.0,-5.8,-44.2,2
1051,ml_anomal,2026-07-10 02:14:26.638802+05:30,-50.0,-6.15,-43.85,2
1052,ml_anomal,2026-07-10 02:14:26.736811+05:30,-50.0,-6.68,-43.32,2
1053,ml_anomal,2026-07-10 02:14:26.838446+05:30,-50.0,-7.03,-42.97,2
1054,ml_anomal,2026-07-10 02:14:26.939406+05:30,-50.0,-7.56,-42.44,2
1055,ml_anomal,2026-07-10 02:14:27.037350+05:30,-50.0,-7.91,-42.09,2
1056,ml_anomal,2026-07-10 02:14:27.138496+05:30,-50.0,-8.44,-41.56,1
1057,ml_anomal,2026-07-10 02:14:27.238688+05:30,-50.0,-8.79,-41.21,2
1058,ml_anomal,2026-07-10 02:14:27.338565+05:30,-50.0,-9.32,-40.68,2
1059,ml_anomal,2026-07-10 02:14:27.438059+05:30,-50.0,-9.67,-40.33,2
1060,ml_anomal,2026-07-10 02:14:27.538844+05:30,-50.0,-10.2,-39.8,2
1061,ml_anomal,2026-07-10 02:14:27.639137+05:30,-50.0,-10.55,-39.45,2
1062,ml_anomal,2026-07-10 02:14:27.738468+05:30,-50.0,-11.07,-38.93,2
1063,ml_anomal,2026-07-10 02:14:27.838628+05:30,-50.0,-11.43,-38.57,2
1064,ml_anomal,2026-07-10 02:14:27.938744+05:30,-50.0,-11.95,-38.05,2
1065,ml_anomal,2026-07-10 02:14:28.039273+05:30,-50.0,-12.3,-37.7,1
1066,ml_anomal,2026-07-10 02:14:28.138977+05:30,-50.0,-12.66,-37.34,2
1067,ml_anomal,2026-07-10 02:14:28.242869+05:30,-50.0,-13.18,-36.82,2
1068,ml_anomal,2026-07-10 02:14:28.339688+05:30,-50.0,-13.54,-36.46,2
1069,ml_anomal,2026-07-10 02:14:28.438698+05:30,-50.0,-13.89,-36.11,2
1070,ml_anomal,2026-07-10 02:14:28.539440+05:30,-50.0,-14.41,-35.59,2
1071,ml_anomal,2026-07-10 02:14:28.638285+05:30,-50.0,-14.77,-35.23,2
1072,ml_anomal,2026-07-10 02:14:28.737617+05:30,-50.0,-15.12,-34.88,2
1073,ml_anomal,2026-07-10 02:14:28.838256+05:30,-50.0,-15.64,-34.36,2
1074,ml_anomal,2026-07-10 02:14:28.938217+05:30,-50.0,-16.17,-33.83,1
1075,ml_anomal,2026-07-10 02:14:29.039159+05:30,-50.0,-16.52,-33.48,2
1076,ml_anomal,2026-07-10 02:14:29.139682+05:30,-50.0,-16.87,-33.13,2
1077,ml_anomal,2026-07-10 02:14:29.239752+05:30,-50.0,-17.23,-32.77,2
1078,ml_anomal,2026-07-10 02:14:29.339161+05:30,-50.0,-17.58,-32.42,2
1079,ml_anomal,2026-07-10 02:14:29.437904+05:30,-50.0,-18.11,-31.89,2
1080,ml_anomal,2026-07-10 02:14:29.538172+05:30,-50.0,-18.46,-31.54,2
1081,ml_anomal,2026-07-10 02:14:29.639349+05:30,-50.0,-18.98,-31.02,2
1082,ml_anomal,2026-07-10 02:14:29.737402+05:30,-50.0,-19.34,-30.66,2
1083,ml_anomal,2026-07-10 02:14:29.839034+05:30,-50.0,-19.86,-30.14,1
1084,ml_anomal,2026-07-10 02:14:29.936881+05:30,-50.0,-20.04,-29.96,2
1085,ml_anomal,2026-07-10 02:14:30.037457+05:30,-50.0,-20.39,-29.61,2
1086,ml_anomal,2026-07-10 02:14:30.137830+05:30,-50.0,-20.57,-29.43,2
1087,ml_anomal,2026-07-10 02:14:30.238342+05:30,-50.0,-20.57,-29.43,2
1088,ml_anomal,2026-07-10 02:14:30.337953+05:30,-50.0,-20.57,-29.43,2
1089,ml_anomal,2026-07-10 02:14:30.439357+05:30,-50.0,-20.92,-29.08,2
1090,ml_anomal,2026-07-10 02:14:30.537495+05:30,-50.0,-20.92,-29.08,2
1091,ml_anomal,2026-07-10 02:14:30.638334+05:30,-50.0,-21.09,-28.91,2
1092,ml_anomal,2026-07-10 02:14:30.738675+05:30,-50.0,-21.45,-28.55,1
1093,ml_anomal,2026-07-10 02:14:30.840088+05:30,-50.0,-21.8,-28.2,2
1094,ml_anomal,2026-07-10 02:14:30.938717+05:30,-50.0,-22.15,-27.85,2
1095,ml_anomal,2026-07-10 02:14:31.045289+05:30,-50.0,-22.5,-27.5,2
1096,ml_anomal,2026-07-10 02:14:31.138214+05:30,-50.0,-22.68,-27.32,2
1097,ml_anomal,2026-07-10 02:14:31.237760+05:30,-50.0,-23.03,-26.97,2
1098,ml_anomal,2026-07-10 02:14:31.337259+05:30,-50.0,-23.38,-26.62,2
1099,ml_anomal,2026-07-10 02:14:31.439401+05:30,-50.0,-23.73,-26.27,2
1100,ml_anomal,2026-07-10 02:14:31.537075+05:30,-50.0,-24.26,-25.74,2
1101,ml_anomal,2026-07-10 02:14:31.639288+05:30,-50.0,-24.26,-25.74,1
1102,ml_anomal,2026-07-10 02:14:31.737303+05:30,-50.0,-24.43,-25.57,2
1103,ml_anomal,2026-07-10 02:14:31.839776+05:30,-50.0,-24.43,-25.57,2
1104,ml_anomal,2026-07-10 02:14:31.938317+05:30,-50.0,-24.61,-25.39,2
1105,ml_anomal,2026-07-10 02:14:32.038509+05:30,-50.0,-24.79,-25.21,2
1106,ml_anomal,2026-07-10 02:14:32.137372+05:30,-50.0,-25.14,-24.86,2
1107,ml_anomal,2026-07-10 02:14:32.238275+05:30,-50.0,-25.14,-24.86,2
1108,ml_anomal,2026-07-10 02:14:32.339230+05:30,-50.0,-25.31,-24.69,2
1109,ml_anomal,2026-07-10 02:14:32.440831+05:30,-50.0,-25.31,-24.69,2
1110,ml_anomal,2026-07-10 02:14:32.538270+05:30,-50.0,-25.66,-24.34,1
1111,ml_anomal,2026-07-10 02:14:32.637974+05:30,-50.0,-26.02,-23.98,2
1112,ml_anomal,2026-07-10 02:14:32.738060+05:30,-50.0,-26.37,-23.63,2
1113,ml_anomal,2026-07-10 02:14:32.839197+05:30,-50.0,-26.72,-23.28,2
1114,ml_anomal,2026-07-10 02:14:32.939576+05:30,-50.0,-27.25,-22.75,2
1115,ml_anomal,2026-07-10 02:14:33.039483+05:30,-50.0,-27.6,-22.4,2
1116,ml_anomal,2026-07-10 02:14:33.137824+05:30,-50.0,-28.12,-21.87,2
1117,ml_anomal,2026-07-10 02:14:33.237968+05:30,-50.0,-28.48,-21.52,2
1118,ml_anomal,2026-07-10 02:14:33.338096+05:30,-50.0,-29.0,-21.0,2
1119,ml_anomal,2026-07-10 02:14:33.438895+05:30,-50.0,-29.36,-20.64,1
1120,ml_anomal,2026-07-10 02:14:33.540217+05:30,-50.0,-29.71,-20.29,2
1121,ml_anomal,2026-07-10 02:14:33.639250+05:30,-50.0,-30.06,-19.94,2
1122,ml_anomal,2026-07-10 02:14:33.737933+05:30,-50.0,-30.41,-19.59,2
1123,ml_anomal,2026-07-10 02:14:33.838927+05:30,-50.0,-30.94,-19.06,2
1124,ml_anomal,2026-07-10 02:14:33.940298+05:30,-50.0,-31.29,-18.71,2
1125,ml_anomal,2026-07-10 02:14:34.039337+05:30,-50.0,-31.64,-18.36,2
1126,ml_anomal,2026-07-10 02:14:34.139588+05:30,-50.0,-32.17,-17.83,2
1127,ml_anomal,2026-07-10 02:14:34.237652+05:30,-50.0,-32.52,-17.48,2
1128,ml_anomal,2026-07-10 02:14:34.340979+05:30,-50.0,-33.05,-16.95,1
1129,ml_anomal,2026-07-10 02:14:34.438635+05:30,-50.0,-33.22,-16.78,2
1130,ml_anomal,2026-07-10 02:14:34.538622+05:30,-50.0,-33.57,-16.43,2
1131,ml_anomal,2026-07-10 02:14:34.639262+05:30,-50.0,-34.1,-15.9,2
1132,ml_anomal,2026-07-10 02:14:34.737886+05:30,-50.0,-34.45,-15.55,2
1133,ml_anomal,2026-07-10 02:14:34.838733+05:30,-50.0,-34.98,-15.02,2
1134,ml_anomal,2026-07-10 02:14:34.940999+05:30,-50.0,-35.51,-14.49,2
1135,ml_anomal,2026-07-10 02:14:35.038271+05:30,-50.0,-35.86,-14.14,2
1136,ml_anomal,2026-07-10 02:14:35.140342+05:30,-50.0,-36.21,-13.79,2
1137,ml_anomal,2026-07-10 02:14:35.239455+05:30,-50.0,-36.56,-13.44,1
1138,ml_anomal,2026-07-10 02:14:35.338639+05:30,-50.0,-36.91,-13.09,2
1139,ml_anomal,2026-07-10 02:14:35.438674+05:30,-50.0,-37.27,-12.73,2
1140,ml_anomal,2026-07-10 02:14:35.538901+05:30,-50.0,-37.79,-12.21,2
1141,ml_anomal,2026-07-10 02:14:35.641072+05:30,-50.0,-38.32,-11.68,2
1142,ml_anomal,2026-07-10 02:14:35.738013+05:30,-50.0,-38.5,-11.5,2
1143,ml_anomal,2026-07-10 02:14:35.839711+05:30,-50.0,-38.5,-11.5,2
1144,ml_anomal,2026-07-10 02:14:35.938063+05:30,-50.0,-38.67,-11.33,2
1145,ml_anomal,2026-07-10 02:14:36.038659+05:30,-50.0,-38.85,-11.15,2
1146,ml_anomal,2026-07-10 02:14:36.138758+05:30,-50.0,-38.85,-11.15,1
1147,ml_anomal,2026-07-10 02:14:36.237551+05:30,-50.0,-38.85,-11.15,2
1148,ml_anomal,2026-07-10 02:14:36.338707+05:30,-50.0,-39.02,-10.98,2
1149,ml_anomal,2026-07-10 02:14:36.438585+05:30,-50.0,-39.02,-10.98,2
1150,ml_anomal,2026-07-10 02:14:36.537876+05:30,-50.0,-39.02,-10.98,2
1151,ml_anomal,2026-07-10 02:14:36.637823+05:30,-50.0,-39.02,-10.98,2
1152,ml_anomal,2026-07-10 02:14:36.738012+05:30,-50.0,-39.02,-10.98,2
1153,ml_anomal,2026-07-10 02:14:36.840291+05:30,-50.0,-39.02,-10.98,2
1154,ml_anomal,2026-07-10 02:14:36.938836+05:30,-50.0,-39.02,-10.98,2
1155,ml_anomal,2026-07-10 02:14:37.039047+05:30,-50.0,-39.2,-10.8,1
1156,ml_anomal,2026-07-10 02:14:37.139347+05:30,-50.0,-39.2,-10.8,2
1157,ml_anomal,2026-07-10 02:14:37.238728+05:30,-50.0,-39.2,-10.8,2
1158,ml_anomal,2026-07-10 02:14:37.338615+05:30,-50.0,-39.2,-10.8,2
1159,ml_anomal,2026-07-10 02:14:37.439311+05:30,-50.0,-39.38,-10.63,2
1160,ml_anomal,2026-07-10 02:14:37.539979+05:30,-50.0,-39.38,-10.63,2
1161,ml_anomal,2026-07-10 02:14:37.639252+05:30,-50.0,-39.55,-10.45,2
1162,ml_anomal,2026-07-10 02:14:37.737607+05:30,-50.0,-39.9,-10.1,2
1163,ml_anomal,2026-07-10 02:14:37.839569+05:30,-50.0,-40.08,-9.92,2
1164,ml_anomal,2026-07-10 02:14:37.939457+05:30,-50.0,-40.25,-9.75,1
1165,ml_anomal,2026-07-10 02:14:38.039929+05:30,-50.0,-40.43,-9.57,2
1166,ml_anomal,2026-07-10 02:14:38.139645+05:30,-50.0,-40.96,-9.04,2
1167,ml_anomal,2026-07-10 02:14:38.238712+05:30,-50.0,-41.31,-8.69,2
1168,ml_anomal,2026-07-10 02:14:38.337766+05:30,-50.0,-41.84,-8.16,2
1169,ml_anomal,2026-07-10 02:14:38.440906+05:30,-50.0,-42.36,-7.64,2
1170,ml_anomal,2026-07-10 02:14:38.539158+05:30,-50.0,-42.71,-7.29,2
1171,ml_anomal,2026-07-10 02:14:38.638379+05:30,-50.0,-42.89,-7.11,2
